Workbook

Sheet SUMMARY_MAX
A1: ascot 14:35 [v2.5] | N1: Ceres | O1: Chiron | P1: Eris | Q1: Juno | R1: Jupiter | S1: Ketu | T1: Mars | U1: Mercury | V1: Moon | W1: Neptune | X1: Pallas | Y1: Pluto | Z1: Rahu | AA1: Saturn | AB1: Sun | AC1: Uranus | AD1: Venus | AE1: Vesta | AF1: equator | AG1: Gonggong | AH1: Haumea | AI1: Makemake | AJ1: Orcus | AK1: Quaoar | AL1: Sedna | AM1: Transpluto | AN1: Aldebaran | AO1: Antares | AP1: Fomalhaut | AQ1: Regulus | AR1: Algol | AS1: Pleiades | AT1: Capella | AU1: Sirius | AV1: Procyon | AW1: Alkaid | AX1: Algorab | AY1: Spica | AZ1: Arcturus | BA1: Alphecca | BB1: Vega | BC1: Deneb Algedi | BD1: Rigel | BE1: Betelgeuse | BF1: Polaris | BG1: Castor | BH1: Altair | BI1: Bellatrix | BK1: Ceres | BL1: Chiron | BM1: Eris | BN1: Juno | BO1: Jupiter | BP1: Ketu | BQ1: Mars | BR1: Mercury | BS1: Moon | BT1: Neptune | BU1: Pallas | BV1: Pluto | BW1: Rahu | BX1: Saturn | BY1: Sun | BZ1: Uranus | CA1: Venus | CB1: Vesta | CC1: equator | CD1: Gonggong | CE1: Haumea | CF1: Makemake | CG1: Orcus | CH1: Quaoar | CI1: Sedna | CJ1: Transpluto | CK1: Aldebaran | CL1: Antares | CM1: Fomalhaut | CN1: Regulus | CO1: Algol | CP1: Pleiades | CQ1: Capella | CR1: Sirius | CS1: Procyon | CT1: Alkaid | CU1: Algorab | CV1: Spica | CW1: Arcturus | CX1: Alphecca | CY1: Vega | CZ1: Deneb Algedi | DA1: Rigel | DB1: Betelgeuse | DC1: Polaris | DD1: Castor | DE1: Altair | DF1: Bellatrix | DH1: Ceres | DI1: Chiron | DJ1: Eris | DK1: Juno | DL1: Jupiter | DM1: Ketu | DN1: Mars | DO1: Mercury | DP1: Moon | DQ1: Neptune | DR1: Pallas | DS1: Pluto | DT1: Rahu | DU1: Saturn | DV1: Sun | DW1: Uranus | DX1: Venus | DY1: Vesta | DZ1: equator | EA1: Gonggong | EB1: Haumea | EC1: Makemake | ED1: Orcus | EE1: Quaoar | EF1: Sedna | EG1: Transpluto | EH1: Aldebaran | EI1: Antares | EJ1: Fomalhaut | EK1: Regulus | EL1: Algol | EM1: Pleiades | EN1: Capella | EO1: Sirius | EP1: Procyon | EQ1: Alkaid | ER1: Algorab | ES1: Spica | ET1: Arcturus | EU1: Alphecca | EV1: Vega | EW1: Deneb Algedi | EX1: Rigel | EY1: Betelgeuse | EZ1: Polaris | FA1: Castor | FB1: Altair | FC1: Bellatrix | FE1: Ceres | FF1: Chiron | FG1: Eris | FH1: Juno | FI1: Jupiter | FJ1: Ketu | FK1: Mars | FL1: Mercury | FM1: Moon | FN1: Neptune | FO1: Pallas | FP1: Pluto | FQ1: Rahu | FR1: Saturn | FS1: Sun | FT1: Uranus | FU1: Venus | FV1: Vesta | FW1: equator | FX1: Gonggong | FY1: Haumea | FZ1: Makemake | GA1: Orcus | GB1: Quaoar | GC1: Sedna | GD1: Transpluto | GE1: Aldebaran | GF1: Antares | GG1: Fomalhaut | GH1: Regulus | GI1: Algol | GJ1: Pleiades | GK1: Capella | GL1: Sirius | GM1: Procyon | GN1: Alkaid | GO1: Algorab | GP1: Spica | GQ1: Arcturus | GR1: Alphecca | GS1: Vega | GT1: Deneb Algedi | GU1: Rigel | GV1: Betelgeuse | GW1: Polaris | GX1: Castor | GY1: Altair | GZ1: Bellatrix
A2: Field Max (MAX core pairs) | N2: =MAX(N7,N12) | O2: =MAX(O7,O12) | P2: =MAX(P7,P12) | Q2: =MAX(Q7,Q12) | R2: =MAX(R7,R12) | S2: =MAX(S7,S12) | T2: =MAX(T7,T12) | U2: =MAX(U7,U12) | ... BI2: =MAX(BI7,BI12) | BK2: =MAX(BK7,BK12) | BL2: =MAX(BL7,BL12) | BM2: =MAX(BM7,BM12) | BN2: =MAX(BN7,BN12) | BO2: =MAX(BO7,BO12) | BP2: =MAX(BP7,BP12) | BQ2: =MAX(BQ7,BQ12) | BR2: =MAX(BR7,BR12) | ... DF2: =MAX(DF7,DF12) | DH2: =MAX(DH7,DH12) | DI2: =MAX(DI7,DI12) | DJ2: =MAX(DJ7,DJ12) | DK2: =MAX(DK7,DK12) | DL2: =MAX(DL7,DL12) | DM2: =MAX(DM7,DM12) | DN2: =MAX(DN7,DN12) | DO2: =MAX(DO7,DO12) | ... FC2: =MAX(FC7,FC12) | FE2: =MAX(FE7,FE12) | FF2: =MAX(FF7,FF12) | FG2: =MAX(FG7,FG12) | FH2: =MAX(FH7,FH12) | FI2: =MAX(FI7,FI12) | FJ2: =MAX(FJ7,FJ12) | FK2: =MAX(FK7,FK12) | FL2: =MAX(FL7,FL12) | ... GZ2: =MAX(GZ7,GZ12)
A3: Gap (1st to 2nd) | N3: =LARGE((N7,N12),1)-LARGE((N7,N12),2) | O3: =LARGE((O7,O12),1)-LARGE((O7,O12),2) | P3: =LARGE((P7,P12),1)-LARGE((P7,P12),2) | Q3: =LARGE((Q7,Q12),1)-LARGE((Q7,Q12),2) | R3: =LARGE((R7,R12),1)-LARGE((R7,R12),2) | S3: =LARGE((S7,S12),1)-LARGE((S7,S12),2) | T3: =LARGE((T7,T12),1)-LARGE((T7,T12),2) | U3: =LARGE((U7,U12),1)-LARGE((U7,U12),2) | ... BI3: =LARGE((BI7,BI12),1)-LARGE((BI7,BI12),2) | BK3: =LARGE((BK7,BK12),1)-LARGE((BK7,BK12),2) | BL3: =LARGE((BL7,BL12),1)-LARGE((BL7,BL12),2) | BM3: =LARGE((BM7,BM12),1)-LARGE((BM7,BM12),2) | BN3: =LARGE((BN7,BN12),1)-LARGE((BN7,BN12),2) | BO3: =LARGE((BO7,BO12),1)-LARGE((BO7,BO12),2) | BP3: =LARGE((BP7,BP12),1)-LARGE((BP7,BP12),2) | BQ3: =LARGE((BQ7,BQ12),1)-LARGE((BQ7,BQ12),2) | BR3: =LARGE((BR7,BR12),1)-LARGE((BR7,BR12),2) | ... DF3: =LARGE((DF7,DF12),1)-LARGE((DF7,DF12),2) | DH3: =LARGE((DH7,DH12),1)-LARGE((DH7,DH12),2) | DI3: =LARGE((DI7,DI12),1)-LARGE((DI7,DI12),2) | DJ3: =LARGE((DJ7,DJ12),1)-LARGE((DJ7,DJ12),2) | DK3: =LARGE((DK7,DK12),1)-LARGE((DK7,DK12),2) | DL3: =LARGE((DL7,DL12),1)-LARGE((DL7,DL12),2) | DM3: =LARGE((DM7,DM12),1)-LARGE((DM7,DM12),2) | DN3: =LARGE((DN7,DN12),1)-LARGE((DN7,DN12),2) | DO3: =LARGE((DO7,DO12),1)-LARGE((DO7,DO12),2) | ... FC3: =LARGE((FC7,FC12),1)-LARGE((FC7,FC12),2) | FE3: =LARGE((FE7,FE12),1)-LARGE((FE7,FE12),2) | FF3: =LARGE((FF7,FF12),1)-LARGE((FF7,FF12),2) | FG3: =LARGE((FG7,FG12),1)-LARGE((FG7,FG12),2) | FH3: =LARGE((FH7,FH12),1)-LARGE((FH7,FH12),2) | FI3: =LARGE((FI7,FI12),1)-LARGE((FI7,FI12),2) | FJ3: =LARGE((FJ7,FJ12),1)-LARGE((FJ7,FJ12),2) | FK3: =LARGE((FK7,FK12),1)-LARGE((FK7,FK12),2) | FL3: =LARGE((FL7,FL12),1)-LARGE((FL7,FL12),2) | ... GZ3: =LARGE((GZ7,GZ12),1)-LARGE((GZ7,GZ12),2)
A4: Diffident | N4: TYPE 1 - MAX | BK4: TYPE 2 - MAX | DH4: TYPE 1 - MAX + TT | FE4: TYPE 2 - MAX + TT
A5: Margin (to leader / 2nd) | N5: =IF(N7=0,"",IF(N7=N2,N7-LARGE((N7,N12),2),N7-N2)) | O5: =IF(O7=0,"",IF(O7=O2,O7-LARGE((O7,O12),2),O7-O2)) | P5: =IF(P7=0,"",IF(P7=P2,P7-LARGE((P7,P12),2),P7-P2)) | Q5: =IF(Q7=0,"",IF(Q7=Q2,Q7-LARGE((Q7,Q12),2),Q7-Q2)) | R5: =IF(R7=0,"",IF(R7=R2,R7-LARGE((R7,R12),2),R7-R2)) | S5: =IF(S7=0,"",IF(S7=S2,S7-LARGE((S7,S12),2),S7-S2)) | T5: =IF(T7=0,"",IF(T7=T2,T7-LARGE((T7,T12),2),T7-T2)) | U5: =IF(U7=0,"",IF(U7=U2,U7-LARGE((U7,U12),2),U7-U2)) | ... BI5: =IF(BI7=0,"",IF(BI7=BI2,BI7-LARGE((BI7,BI12),2),BI7-BI2)) | BK5: =IF(BK7=0,"",IF(BK7=BK2,BK7-LARGE((BK7,BK12),2),BK7-BK2)) | BL5: =IF(BL7=0,"",IF(BL7=BL2,BL7-LARGE((BL7,BL12),2),BL7-BL2)) | BM5: =IF(BM7=0,"",IF(BM7=BM2,BM7-LARGE((BM7,BM12),2),BM7-BM2)) | BN5: =IF(BN7=0,"",IF(BN7=BN2,BN7-LARGE((BN7,BN12),2),BN7-BN2)) | BO5: =IF(BO7=0,"",IF(BO7=BO2,BO7-LARGE((BO7,BO12),2),BO7-BO2)) | BP5: =IF(BP7=0,"",IF(BP7=BP2,BP7-LARGE((BP7,BP12),2),BP7-BP2)) | BQ5: =IF(BQ7=0,"",IF(BQ7=BQ2,BQ7-LARGE((BQ7,BQ12),2),BQ7-BQ2)) | BR5: =IF(BR7=0,"",IF(BR7=BR2,BR7-LARGE((BR7,BR12),2),BR7-BR2)) | ... DF5: =IF(DF7=0,"",IF(DF7=DF2,DF7-LARGE((DF7,DF12),2),DF7-DF2)) | DH5: =IF(DH7=0,"",IF(DH7=DH2,DH7-LARGE((DH7,DH12),2),DH7-DH2)) | DI5: =IF(DI7=0,"",IF(DI7=DI2,DI7-LARGE((DI7,DI12),2),DI7-DI2)) | DJ5: =IF(DJ7=0,"",IF(DJ7=DJ2,DJ7-LARGE((DJ7,DJ12),2),DJ7-DJ2)) | DK5: =IF(DK7=0,"",IF(DK7=DK2,DK7-LARGE((DK7,DK12),2),DK7-DK2)) | DL5: =IF(DL7=0,"",IF(DL7=DL2,DL7-LARGE((DL7,DL12),2),DL7-DL2)) | DM5: =IF(DM7=0,"",IF(DM7=DM2,DM7-LARGE((DM7,DM12),2),DM7-DM2)) | DN5: =IF(DN7=0,"",IF(DN7=DN2,DN7-LARGE((DN7,DN12),2),DN7-DN2)) | DO5: =IF(DO7=0,"",IF(DO7=DO2,DO7-LARGE((DO7,DO12),2),DO7-DO2)) | ... FC5: =IF(FC7=0,"",IF(FC7=FC2,FC7-LARGE((FC7,FC12),2),FC7-FC2)) | FE5: =IF(FE7=0,"",IF(FE7=FE2,FE7-LARGE((FE7,FE12),2),FE7-FE2)) | FF5: =IF(FF7=0,"",IF(FF7=FF2,FF7-LARGE((FF7,FF12),2),FF7-FF2)) | FG5: =IF(FG7=0,"",IF(FG7=FG2,FG7-LARGE((FG7,FG12),2),FG7-FG2)) | FH5: =IF(FH7=0,"",IF(FH7=FH2,FH7-LARGE((FH7,FH12),2),FH7-FH2)) | FI5: =IF(FI7=0,"",IF(FI7=FI2,FI7-LARGE((FI7,FI12),2),FI7-FI2)) | FJ5: =IF(FJ7=0,"",IF(FJ7=FJ2,FJ7-LARGE((FJ7,FJ12),2),FJ7-FJ2)) | FK5: =IF(FK7=0,"",IF(FK7=FK2,FK7-LARGE((FK7,FK12),2),FK7-FK2)) | FL5: =IF(FL7=0,"",IF(FL7=FL2,FL7-LARGE((FL7,FL12),2),FL7-FL2)) | ... GZ5: =IF(GZ7=0,"",IF(GZ7=GZ2,GZ7-LARGE((GZ7,GZ12),2),GZ7-GZ2))
A6: Rank | N6: =IF(N7=0,"",1+(N7>N7)+(N12>N7)) | O6: =IF(O7=0,"",1+(O7>O7)+(O12>O7)) | P6: =IF(P7=0,"",1+(P7>P7)+(P12>P7)) | Q6: =IF(Q7=0,"",1+(Q7>Q7)+(Q12>Q7)) | R6: =IF(R7=0,"",1+(R7>R7)+(R12>R7)) | S6: =IF(S7=0,"",1+(S7>S7)+(S12>S7)) | T6: =IF(T7=0,"",1+(T7>T7)+(T12>T7)) | U6: =IF(U7=0,"",1+(U7>U7)+(U12>U7)) | ... BI6: =IF(BI7=0,"",1+(BI7>BI7)+(BI12>BI7)) | BK6: =IF(BK7=0,"",1+(BK7>BK7)+(BK12>BK7)) | BL6: =IF(BL7=0,"",1+(BL7>BL7)+(BL12>BL7)) | BM6: =IF(BM7=0,"",1+(BM7>BM7)+(BM12>BM7)) | BN6: =IF(BN7=0,"",1+(BN7>BN7)+(BN12>BN7)) | BO6: =IF(BO7=0,"",1+(BO7>BO7)+(BO12>BO7)) | BP6: =IF(BP7=0,"",1+(BP7>BP7)+(BP12>BP7)) | BQ6: =IF(BQ7=0,"",1+(BQ7>BQ7)+(BQ12>BQ7)) | BR6: =IF(BR7=0,"",1+(BR7>BR7)+(BR12>BR7)) | ... DF6: =IF(DF7=0,"",1+(DF7>DF7)+(DF12>DF7)) | DH6: =IF(DH7=0,"",1+(DH7>DH7)+(DH12>DH7)) | DI6: =IF(DI7=0,"",1+(DI7>DI7)+(DI12>DI7)) | DJ6: =IF(DJ7=0,"",1+(DJ7>DJ7)+(DJ12>DJ7)) | DK6: =IF(DK7=0,"",1+(DK7>DK7)+(DK12>DK7)) | DL6: =IF(DL7=0,"",1+(DL7>DL7)+(DL12>DL7)) | DM6: =IF(DM7=0,"",1+(DM7>DM7)+(DM12>DM7)) | DN6: =IF(DN7=0,"",1+(DN7>DN7)+(DN12>DN7)) | DO6: =IF(DO7=0,"",1+(DO7>DO7)+(DO12>DO7)) | ... FC6: =IF(FC7=0,"",1+(FC7>FC7)+(FC12>FC7)) | FE6: =IF(FE7=0,"",1+(FE7>FE7)+(FE12>FE7)) | FF6: =IF(FF7=0,"",1+(FF7>FF7)+(FF12>FF7)) | FG6: =IF(FG7=0,"",1+(FG7>FG7)+(FG12>FG7)) | FH6: =IF(FH7=0,"",1+(FH7>FH7)+(FH12>FH7)) | FI6: =IF(FI7=0,"",1+(FI7>FI7)+(FI12>FI7)) | FJ6: =IF(FJ7=0,"",1+(FJ7>FJ7)+(FJ12>FJ7)) | FK6: =IF(FK7=0,"",1+(FK7>FK7)+(FK12>FK7)) | FL6: =IF(FL7=0,"",1+(FL7>FL7)+(FL12>FL7)) | ... GZ6: =IF(GZ7=0,"",1+(GZ7>GZ7)+(GZ12>GZ7))
A7: MAX (core pairs) | N7: ='P01'!N7 | O7: ='P01'!O7 | P7: ='P01'!P7 | Q7: ='P01'!Q7 | R7: ='P01'!R7 | S7: ='P01'!S7 | T7: ='P01'!T7 | U7: ='P01'!U7 | ... BI7: ='P01'!BI7 | BK7: ='P01'!BK7 | BL7: ='P01'!BL7 | BM7: ='P01'!BM7 | BN7: ='P01'!BN7 | BO7: ='P01'!BO7 | BP7: ='P01'!BP7 | BQ7: ='P01'!BQ7 | BR7: ='P01'!BR7 | ... DF7: ='P01'!DF7 | DH7: ='P01'!DH7 | DI7: ='P01'!DI7 | DJ7: ='P01'!DJ7 | DK7: ='P01'!DK7 | DL7: ='P01'!DL7 | DM7: ='P01'!DM7 | DN7: ='P01'!DN7 | DO7: ='P01'!DO7 | ... FC7: ='P01'!FC7 | FE7: ='P01'!FE7 | FF7: ='P01'!FF7 | FG7: ='P01'!FG7 | FH7: ='P01'!FH7 | FI7: ='P01'!FI7 | FJ7: ='P01'!FJ7 | FK7: ='P01'!FK7 | FL7: ='P01'!FL7 | ... GZ7: ='P01'!GZ7
A9: Frankie Dettori | N9: TYPE 1 - MAX | BK9: TYPE 2 - MAX | DH9: TYPE 1 - MAX + TT | FE9: TYPE 2 - MAX + TT
A10: Margin (to leader / 2nd) | N10: =IF(N12=0,"",IF(N12=N2,N12-LARGE((N7,N12),2),N12-N2)) | O10: =IF(O12=0,"",IF(O12=O2,O12-LARGE((O7,O12),2),O12-O2)) | P10: =IF(P12=0,"",IF(P12=P2,P12-LARGE((P7,P12),2),P12-P2)) | Q10: =IF(Q12=0,"",IF(Q12=Q2,Q12-LARGE((Q7,Q12),2),Q12-Q2)) | R10: =IF(R12=0,"",IF(R12=R2,R12-LARGE((R7,R12),2),R12-R2)) | S10: =IF(S12=0,"",IF(S12=S2,S12-LARGE((S7,S12),2),S12-S2)) | T10: =IF(T12=0,"",IF(T12=T2,T12-LARGE((T7,T12),2),T12-T2)) | U10: =IF(U12=0,"",IF(U12=U2,U12-LARGE((U7,U12),2),U12-U2)) | ... BI10: =IF(BI12=0,"",IF(BI12=BI2,BI12-LARGE((BI7,BI12),2),BI12-BI2)) | BK10: =IF(BK12=0,"",IF(BK12=BK2,BK12-LARGE((BK7,BK12),2),BK12-BK2)) | BL10: =IF(BL12=0,"",IF(BL12=BL2,BL12-LARGE((BL7,BL12),2),BL12-BL2)) | BM10: =IF(BM12=0,"",IF(BM12=BM2,BM12-LARGE((BM7,BM12),2),BM12-BM2)) | BN10: =IF(BN12=0,"",IF(BN12=BN2,BN12-LARGE((BN7,BN12),2),BN12-BN2)) | BO10: =IF(BO12=0,"",IF(BO12=BO2,BO12-LARGE((BO7,BO12),2),BO12-BO2)) | BP10: =IF(BP12=0,"",IF(BP12=BP2,BP12-LARGE((BP7,BP12),2),BP12-BP2)) | BQ10: =IF(BQ12=0,"",IF(BQ12=BQ2,BQ12-LARGE((BQ7,BQ12),2),BQ12-BQ2)) | BR10: =IF(BR12=0,"",IF(BR12=BR2,BR12-LARGE((BR7,BR12),2),BR12-BR2)) | ... DF10: =IF(DF12=0,"",IF(DF12=DF2,DF12-LARGE((DF7,DF12),2),DF12-DF2)) | DH10: =IF(DH12=0,"",IF(DH12=DH2,DH12-LARGE((DH7,DH12),2),DH12-DH2)) | DI10: =IF(DI12=0,"",IF(DI12=DI2,DI12-LARGE((DI7,DI12),2),DI12-DI2)) | DJ10: =IF(DJ12=0,"",IF(DJ12=DJ2,DJ12-LARGE((DJ7,DJ12),2),DJ12-DJ2)) | DK10: =IF(DK12=0,"",IF(DK12=DK2,DK12-LARGE((DK7,DK12),2),DK12-DK2)) | DL10: =IF(DL12=0,"",IF(DL12=DL2,DL12-LARGE((DL7,DL12),2),DL12-DL2)) | DM10: =IF(DM12=0,"",IF(DM12=DM2,DM12-LARGE((DM7,DM12),2),DM12-DM2)) | DN10: =IF(DN12=0,"",IF(DN12=DN2,DN12-LARGE((DN7,DN12),2),DN12-DN2)) | DO10: =IF(DO12=0,"",IF(DO12=DO2,DO12-LARGE((DO7,DO12),2),DO12-DO2)) | ... FC10: =IF(FC12=0,"",IF(FC12=FC2,FC12-LARGE((FC7,FC12),2),FC12-FC2)) | FE10: =IF(FE12=0,"",IF(FE12=FE2,FE12-LARGE((FE7,FE12),2),FE12-FE2)) | FF10: =IF(FF12=0,"",IF(FF12=FF2,FF12-LARGE((FF7,FF12),2),FF12-FF2)) | FG10: =IF(FG12=0,"",IF(FG12=FG2,FG12-LARGE((FG7,FG12),2),FG12-FG2)) | FH10: =IF(FH12=0,"",IF(FH12=FH2,FH12-LARGE((FH7,FH12),2),FH12-FH2)) | FI10: =IF(FI12=0,"",IF(FI12=FI2,FI12-LARGE((FI7,FI12),2),FI12-FI2)) | FJ10: =IF(FJ12=0,"",IF(FJ12=FJ2,FJ12-LARGE((FJ7,FJ12),2),FJ12-FJ2)) | FK10: =IF(FK12=0,"",IF(FK12=FK2,FK12-LARGE((FK7,FK12),2),FK12-FK2)) | FL10: =IF(FL12=0,"",IF(FL12=FL2,FL12-LARGE((FL7,FL12),2),FL12-FL2)) | ... GZ10: =IF(GZ12=0,"",IF(GZ12=GZ2,GZ12-LARGE((GZ7,GZ12),2),GZ12-GZ2))
A11: Rank | N11: =IF(N12=0,"",1+(N7>N12)+(N12>N12)) | O11: =IF(O12=0,"",1+(O7>O12)+(O12>O12)) | P11: =IF(P12=0,"",1+(P7>P12)+(P12>P12)) | Q11: =IF(Q12=0,"",1+(Q7>Q12)+(Q12>Q12)) | R11: =IF(R12=0,"",1+(R7>R12)+(R12>R12)) | S11: =IF(S12=0,"",1+(S7>S12)+(S12>S12)) | T11: =IF(T12=0,"",1+(T7>T12)+(T12>T12)) | U11: =IF(U12=0,"",1+(U7>U12)+(U12>U12)) | ... BI11: =IF(BI12=0,"",1+(BI7>BI12)+(BI12>BI12)) | BK11: =IF(BK12=0,"",1+(BK7>BK12)+(BK12>BK12)) | BL11: =IF(BL12=0,"",1+(BL7>BL12)+(BL12>BL12)) | BM11: =IF(BM12=0,"",1+(BM7>BM12)+(BM12>BM12)) | BN11: =IF(BN12=0,"",1+(BN7>BN12)+(BN12>BN12)) | BO11: =IF(BO12=0,"",1+(BO7>BO12)+(BO12>BO12)) | BP11: =IF(BP12=0,"",1+(BP7>BP12)+(BP12>BP12)) | BQ11: =IF(BQ12=0,"",1+(BQ7>BQ12)+(BQ12>BQ12)) | BR11: =IF(BR12=0,"",1+(BR7>BR12)+(BR12>BR12)) | ... DF11: =IF(DF12=0,"",1+(DF7>DF12)+(DF12>DF12)) | DH11: =IF(DH12=0,"",1+(DH7>DH12)+(DH12>DH12)) | DI11: =IF(DI12=0,"",1+(DI7>DI12)+(DI12>DI12)) | DJ11: =IF(DJ12=0,"",1+(DJ7>DJ12)+(DJ12>DJ12)) | DK11: =IF(DK12=0,"",1+(DK7>DK12)+(DK12>DK12)) | DL11: =IF(DL12=0,"",1+(DL7>DL12)+(DL12>DL12)) | DM11: =IF(DM12=0,"",1+(DM7>DM12)+(DM12>DM12)) | DN11: =IF(DN12=0,"",1+(DN7>DN12)+(DN12>DN12)) | DO11: =IF(DO12=0,"",1+(DO7>DO12)+(DO12>DO12)) | ... FC11: =IF(FC12=0,"",1+(FC7>FC12)+(FC12>FC12)) | FE11: =IF(FE12=0,"",1+(FE7>FE12)+(FE12>FE12)) | FF11: =IF(FF12=0,"",1+(FF7>FF12)+(FF12>FF12)) | FG11: =IF(FG12=0,"",1+(FG7>FG12)+(FG12>FG12)) | FH11: =IF(FH12=0,"",1+(FH7>FH12)+(FH12>FH12)) | FI11: =IF(FI12=0,"",1+(FI7>FI12)+(FI12>FI12)) | FJ11: =IF(FJ12=0,"",1+(FJ7>FJ12)+(FJ12>FJ12)) | FK11: =IF(FK12=0,"",1+(FK7>FK12)+(FK12>FK12)) | FL11: =IF(FL12=0,"",1+(FL7>FL12)+(FL12>FL12)) | ... GZ11: =IF(GZ12=0,"",1+(GZ7>GZ12)+(GZ12>GZ12))
A12: MAX (core pairs) | N12: ='P02'!N7 | O12: ='P02'!O7 | P12: ='P02'!P7 | Q12: ='P02'!Q7 | R12: ='P02'!R7 | S12: ='P02'!S7 | T12: ='P02'!T7 | U12: ='P02'!U7 | ... BI12: ='P02'!BI7 | BK12: ='P02'!BK7 | BL12: ='P02'!BL7 | BM12: ='P02'!BM7 | BN12: ='P02'!BN7 | BO12: ='P02'!BO7 | BP12: ='P02'!BP7 | BQ12: ='P02'!BQ7 | BR12: ='P02'!BR7 | ... DF12: ='P02'!DF7 | DH12: ='P02'!DH7 | DI12: ='P02'!DI7 | DJ12: ='P02'!DJ7 | DK12: ='P02'!DK7 | DL12: ='P02'!DL7 | DM12: ='P02'!DM7 | DN12: ='P02'!DN7 | DO12: ='P02'!DO7 | ... FC12: ='P02'!FC7 | FE12: ='P02'!FE7 | FF12: ='P02'!FF7 | FG12: ='P02'!FG7 | FH12: ='P02'!FH7 | FI12: ='P02'!FI7 | FJ12: ='P02'!FJ7 | FK12: ='P02'!FK7 | FL12: ='P02'!FL7 | ... GZ12: ='P02'!GZ7

Sheet SUMMARY
A1: ascot 14:35 [v2.5] | N1: Ceres | O1: Chiron | P1: Eris | Q1: Juno | R1: Jupiter | S1: Ketu | T1: Mars | U1: Mercury | V1: Moon | W1: Neptune | X1: Pallas | Y1: Pluto | Z1: Rahu | AA1: Saturn | AB1: Sun | AC1: Uranus | AD1: Venus | AE1: Vesta | AF1: equator | AG1: Gonggong | AH1: Haumea | AI1: Makemake | AJ1: Orcus | AK1: Quaoar | AL1: Sedna | AM1: Transpluto | AN1: Aldebaran | AO1: Antares | AP1: Fomalhaut | AQ1: Regulus | AR1: Algol | AS1: Pleiades | AT1: Capella | AU1: Sirius | AV1: Procyon | AW1: Alkaid | AX1: Algorab | AY1: Spica | AZ1: Arcturus | BA1: Alphecca | BB1: Vega | BC1: Deneb Algedi | BD1: Rigel | BE1: Betelgeuse | BF1: Polaris | BG1: Castor | BH1: Altair | BI1: Bellatrix | BK1: Ceres | BL1: Chiron | BM1: Eris | BN1: Juno | BO1: Jupiter | BP1: Ketu | BQ1: Mars | BR1: Mercury | BS1: Moon | BT1: Neptune | BU1: Pallas | BV1: Pluto | BW1: Rahu | BX1: Saturn | BY1: Sun | BZ1: Uranus | CA1: Venus | CB1: Vesta | CC1: equator | CD1: Gonggong | CE1: Haumea | CF1: Makemake | CG1: Orcus | CH1: Quaoar | CI1: Sedna | CJ1: Transpluto | CK1: Aldebaran | CL1: Antares | CM1: Fomalhaut | CN1: Regulus | CO1: Algol | CP1: Pleiades | CQ1: Capella | CR1: Sirius | CS1: Procyon | CT1: Alkaid | CU1: Algorab | CV1: Spica | CW1: Arcturus | CX1: Alphecca | CY1: Vega | CZ1: Deneb Algedi | DA1: Rigel | DB1: Betelgeuse | DC1: Polaris | DD1: Castor | DE1: Altair | DF1: Bellatrix | DH1: Ceres | DI1: Chiron | DJ1: Eris | DK1: Juno | DL1: Jupiter | DM1: Ketu | DN1: Mars | DO1: Mercury | DP1: Moon | DQ1: Neptune | DR1: Pallas | DS1: Pluto | DT1: Rahu | DU1: Saturn | DV1: Sun | DW1: Uranus | DX1: Venus | DY1: Vesta | DZ1: equator | EA1: Gonggong | EB1: Haumea | EC1: Makemake | ED1: Orcus | EE1: Quaoar | EF1: Sedna | EG1: Transpluto | EH1: Aldebaran | EI1: Antares | EJ1: Fomalhaut | EK1: Regulus | EL1: Algol | EM1: Pleiades | EN1: Capella | EO1: Sirius | EP1: Procyon | EQ1: Alkaid | ER1: Algorab | ES1: Spica | ET1: Arcturus | EU1: Alphecca | EV1: Vega | EW1: Deneb Algedi | EX1: Rigel | EY1: Betelgeuse | EZ1: Polaris | FA1: Castor | FB1: Altair | FC1: Bellatrix | FE1: Ceres | FF1: Chiron | FG1: Eris | FH1: Juno | FI1: Jupiter | FJ1: Ketu | FK1: Mars | FL1: Mercury | FM1: Moon | FN1: Neptune | FO1: Pallas | FP1: Pluto | FQ1: Rahu | FR1: Saturn | FS1: Sun | FT1: Uranus | FU1: Venus | FV1: Vesta | FW1: equator | FX1: Gonggong | FY1: Haumea | FZ1: Makemake | GA1: Orcus | GB1: Quaoar | GC1: Sedna | GD1: Transpluto | GE1: Aldebaran | GF1: Antares | GG1: Fomalhaut | GH1: Regulus | GI1: Algol | GJ1: Pleiades | GK1: Capella | GL1: Sirius | GM1: Procyon | GN1: Alkaid | GO1: Algorab | GP1: Spica | GQ1: Arcturus | GR1: Alphecca | GS1: Vega | GT1: Deneb Algedi | GU1: Rigel | GV1: Betelgeuse | GW1: Polaris | GX1: Castor | GY1: Altair | GZ1: Bellatrix
A2: Field Max (MAIN SUMMARY) | N2: 39.61 | O2: 734.77 | P2: 70.86 | Q2: 265.94 | R2: 305.76 | S2: 188.94 | T2: 533.26 | U2: 111.49 | V2: 70.44 | W2: 411.5 | X2: 213.68 | Z2: 139.29 | AA2: 329.22 | AB2: 1019.29 | AC2: 202.21 | AD2: 103.14 | AE2: 421.12 | AH2: 123.08 | AJ2: 256.96 | AL2: 434.86 | AO2: 172.69 | AP2: 136.11 | AQ2: 150.99 | AT2: 338.07 | AU2: 549.21 | AV2: 392.86 | AW2: 276.88 | AY2: 149.11 | AZ2: 365.18 | BA2: 84.99 | BB2: 153.05 | BC2: 163.85 | BD2: 248.71 | BE2: 250.63 | BF2: 233.8 | BH2: 221.21 | BI2: 179.84 | BK2: 297.6 | BL2: 148.83 | BM2: 373.69 | BN2: 716.88 | BO2: 377.91 | BP2: 295.32 | BQ2: 265.93 | BR2: 277.91 | BS2: 201.98 | BT2: 459.56 | BU2: 649.1 | BV2: 101.88 | BW2: 678.04 | BX2: 797.79 | BY2: 600.23 | BZ2: 280.09 | CA2: 992.04 | CB2: 523.31 | CD2: 307.4 | CE2: 641.23 | CG2: 624.16 | CH2: 639.29 | CI2: 391.95 | CJ2: 316.9 | CK2: 364.67 | CL2: 54.08 | CM2: 213.86 | CN2: 145.17 | CO2: 303.66 | CQ2: 224.87 | CR2: 75.2 | CS2: 197.53 | CT2: 182.66 | CV2: 901.74 | CW2: 127.75 | CX2: 587.93 | CY2: 198.09 | CZ2: 671.43 | DA2: 106.61 | DB2: 452.78 | DE2: 378.8 | DF2: 287.29 | DH2: 39.61 | DI2: 870.04 | DJ2: 70.86 | DK2: 361.45 | DL2: 305.76 | DM2: 188.94 | DN2: 533.26 | DO2: 111.49 | DP2: 70.44 | DQ2: 411.5 | DR2: 213.68 | DT2: 139.29 | DU2: 411.85 | DV2: 1154.24 | DW2: 202.21 | DX2: 183.18 | DY2: 509.85 | EB2: 123.08 | ED2: 256.96 | EF2: 583.36 | EI2: 268.24 | EJ2: 269.7 | EK2: 239.36 | EN2: 524.26 | EO2: 1038.14 | EP2: 614.92 | EQ2: 478.81 | ES2: 237.41 | ET2: 591.73 | EU2: 180.82 | EV2: 320.64 | EW2: 245.06 | EX2: 343.46 | EY2: 540.99 | EZ2: 327.68 | FB2: 341.73 | FC2: 274.05 | FE2: 297.6 | FF2: 234.93 | FG2: 373.69 | FH2: 919.03 | FI2: 377.91 | FJ2: 324.02 | FK2: 436.97 | FL2: 361.74 | FM2: 204.93 | FN2: 553.77 | FO2: 1068.92 | FP2: 298.08 | FQ2: 706.75 | FR2: 895.89 | FS2: 761.4 | FT2: 551.24 | FU2: 1507.73 | FV2: 604.17 | FX2: 360.85 | FY2: 726.58 | GA2: 1021.32 | GB2: 1081.85 | GC2: 590.59 | GD2: 412.42 | GE2: 364.67 | GF2: 54.08 | GG2: 409.47 | GH2: 145.17 | GI2: 536.44 | GK2: 273.21 | GL2: 123.54 | GM2: 290.07 | GN2: 195.45 | GP2: 1067.95 | GQ2: 211.57 | GR2: 636.27 | GS2: 336.31 | GT2: 950.55 | GU2: 171.99 | GV2: 692.49 | GY2: 407.51 | GZ2: 542.43
A3: Gap (1st to 2nd) | O3: 636.29 | Q3: 61.24 | R3: 55.18 | S3: 143.54 | W3: 259.09 | X3: 95.17 | AA3: 255.52 | AB3: 725.34 | AC3: 86.88 | AD3: 57.02 | AE3: 295.54 | AJ3: 128.18 | AL3: 290.75 | AQ3: 66.09 | AT3: 154.94 | AU3: 238.69 | AV3: 122.96 | AW3: 178.4 | AY3: 62.91 | BA3: 7.41 | BB3: 9.08 | BD3: 99.82 | BE3: 38.4 | BH3: 86.29 | BL3: 91.09 | BN3: 402.73 | BP3: 223.51 | BQ3: 171.51 | BS3: 33.07 | BT3: 385.03 | BU3: 344.09 | BW3: 410.07 | BY3: 301.7 | BZ3: 168.63 | CB3: 175.41 | CD3: 144.81 | CE3: 539.38 | CG3: 224.39 | CI3: 76.24 | CJ3: 142.63 | CM3: 127.39 | CN3: 21.96 | CQ3: 48.73 | CR3: 6.86 | CS3: 169.22 | CV3: 549.57 | CX3: 473.03 | CY3: 1.04 | DA3: 29.37 | DB3: 173.79 | DE3: 271.74 | DI3: 731.63 | DK3: 156.75 | DL3: 55.18 | DM3: 143.54 | DQ3: 259.09 | DR3: 0.96 | DU3: 338.15 | DV3: 860.29 | DW3: 86.88 | DX3: 137.06 | DY3: 384.27 | ED3: 128.18 | EF3: 439.25 | EK3: 66.1 | EN3: 254.56 | EO3: 407.53 | EP3: 126.59 | EQ3: 285.85 | ES3: 64.79 | EU3: 7.41 | EV3: 9.09 | EX3: 99.82 | EY3: 132.6 | FB3: 126.65 | FF3: 137.26 | FH3: 437.23 | FJ3: 152.21 | FK3: 342.55 | FM3: 36.02 | FN3: 462.85 | FO3: 574.41 | FQ3: 158.26 | FS3: 446.48 | FT3: 391.44 | FV3: 158.17 | FX3: 5.09 | FY3: 576.39 | GA3: 621.55 | GC3: 167.44 | GD3: 61.87 | GG3: 123 | GH3: 21.96 | GK3: 48.72 | GL3: 6.86 | GM3: 261.76 | GP3: 634.92 | GR3: 473.03 | GS3: 1.05 | GU3: 65.38 | GV3: 359.25 | GY3: 300.45
A4: Diffident | N4: TYPE 1 - MAIN | BK4: TYPE 2 - MAIN | DH4: TYPE 1 - MAIN + TT | FE4: TYPE 2 - MAIN + TT
A5: Margin (to leader / 2nd) | O5: 636.29 | Q5: 61.24 | R5: 55.18 | S5: 143.54 | W5: 259.09 | X5: -95.17 | AA5: -255.52 | AB5: -725.34 | AC5: -86.88 | AD5: 57.02 | AE5: -295.54 | AJ5: 128.18 | AL5: -290.75 | AQ5: -66.09 | AT5: 154.94 | AU5: -238.69 | AV5: 122.96 | AW5: 178.4 | AY5: 62.91 | BA5: -7.41 | BB5: -9.08 | BD5: 99.82 | BE5: 38.4 | BH5: 86.29 | BL5: -91.09 | BN5: -402.73 | BP5: 223.51 | BQ5: -171.51 | BS5: 33.07 | BT5: 385.03 | BU5: -344.09 | BW5: 410.07 | BY5: 301.7 | BZ5: 168.63 | CB5: 175.41 | CD5: -144.81 | CE5: 539.38 | CG5: 224.39 | CI5: -76.24 | CJ5: 142.63 | CM5: -127.39 | CN5: 21.96 | CQ5: 48.73 | CR5: 6.86 | CS5: 169.22 | CV5: 549.57 | CX5: -473.03 | CY5: -1.04 | DA5: -29.37 | DB5: -173.79 | DE5: 271.74 | DI5: 731.63 | DK5: 156.75 | DL5: 55.18 | DM5: 143.54 | DQ5: 259.09 | DR5: -0.96 | DU5: -338.15 | DV5: -860.29 | DW5: -86.88 | DX5: 137.06 | DY5: -384.27 | ED5: 128.18 | EF5: -439.25 | EK5: -66.1 | EN5: 254.56 | EO5: -407.53 | EP5: 126.59 | EQ5: 285.85 | ES5: 64.79 | EU5: -7.41 | EV5: -9.09 | EX5: 99.82 | EY5: 132.6 | FB5: 126.65 | FF5: -137.26 | FH5: -437.23 | FJ5: 152.21 | FK5: -342.55 | FM5: 36.02 | FN5: 462.85 | FO5: -574.41 | FQ5: 158.26 | FS5: 446.48 | FT5: 391.44 | FV5: 158.17 | FX5: 5.09 | FY5: 576.39 | GA5: 621.55 | GC5: -167.44 | GD5: 61.87 | GG5: -123 | GH5: 21.96 | GK5: 48.72 | GL5: 6.86 | GM5: 261.76 | GP5: 634.92 | GR5: -473.03 | GS5: -1.05 | GU5: 65.38 | GV5: -359.25 | GY5: 300.45
A6: Rank | N6: 1 | O6: 1 | P6: 1 | Q6: 1 | R6: 1 | S6: 1 | T6: 1 | V6: 1 | W6: 1 | X6: 2 | Z6: 1 | AA6: 2 | AB6: 2 | AC6: 2 | AD6: 1 | AE6: 2 | AH6: 1 | AJ6: 1 | AL6: 2 | AQ6: 2 | AT6: 1 | AU6: 2 | AV6: 1 | AW6: 1 | AY6: 1 | AZ6: 1 | BA6: 2 | BB6: 2 | BC6: 1 | BD6: 1 | BE6: 1 | BF6: 1 | BH6: 1 | BI6: 1 | BK6: 1 | BL6: 2 | BM6: 1 | BN6: 2 | BO6: 1 | BP6: 1 | BQ6: 2 | BR6: 1 | BS6: 1 | BT6: 1 | BU6: 2 | BW6: 1 | BY6: 1 | BZ6: 1 | CB6: 1 | CD6: 2 | CE6: 1 | CG6: 1 | CI6: 2 | CJ6: 1 | CK6: 1 | CM6: 2 | CN6: 1 | CQ6: 1 | CR6: 1 | CS6: 1 | CT6: 1 | CV6: 1 | CW6: 1 | CX6: 2 | CY6: 2 | CZ6: 1 | DA6: 2 | DB6: 2 | DE6: 1 | DF6: 1 | DH6: 1 | DI6: 1 | DJ6: 1 | DK6: 1 | DL6: 1 | DM6: 1 | DN6: 1 | DP6: 1 | DQ6: 1 | DR6: 2 | DT6: 1 | DU6: 2 | DV6: 2 | DW6: 2 | DX6: 1 | DY6: 2 | EB6: 1 | ED6: 1 | EF6: 2 | EK6: 2 | EN6: 1 | EO6: 2 | EP6: 1 | EQ6: 1 | ES6: 1 | ET6: 1 | EU6: 2 | EV6: 2 | EW6: 1 | EX6: 1 | EY6: 1 | EZ6: 1 | FB6: 1 | FC6: 1 | FE6: 1 | FF6: 2 | FG6: 1 | FH6: 2 | FI6: 1 | FJ6: 1 | FK6: 2 | FL6: 1 | FM6: 1 | FN6: 1 | FO6: 2 | FQ6: 1 | FS6: 1 | FT6: 1 | FV6: 1 | FX6: 1 | FY6: 1 | GA6: 1 | GC6: 2 | GD6: 1 | GE6: 1 | GG6: 2 | GH6: 1 | GK6: 1 | GL6: 1 | GM6: 1 | GN6: 1 | GP6: 1 | GQ6: 1 | GR6: 2 | GS6: 2 | GT6: 1 | GU6: 1 | GV6: 2 | GY6: 1 | GZ6: 1
A7: Total (MAIN SUMMARY only) | N7: ='P01'!N86 | O7: ='P01'!O86 | P7: ='P01'!P86 | Q7: ='P01'!Q86 | R7: ='P01'!R86 | S7: ='P01'!S86 | T7: ='P01'!T86 | U7: ='P01'!U86 | ... BI7: ='P01'!BI86 | BK7: ='P01'!BK86 | BL7: ='P01'!BL86 | BM7: ='P01'!BM86 | BN7: ='P01'!BN86 | BO7: ='P01'!BO86 | BP7: ='P01'!BP86 | BQ7: ='P01'!BQ86 | BR7: ='P01'!BR86 | ... DF7: ='P01'!DF86 | DH7: ='P01'!DH86 | DI7: ='P01'!DI86 | DJ7: ='P01'!DJ86 | DK7: ='P01'!DK86 | DL7: ='P01'!DL86 | DM7: ='P01'!DM86 | DN7: ='P01'!DN86 | DO7: ='P01'!DO86 | ... FC7: ='P01'!FC86 | FE7: ='P01'!FE86 | FF7: ='P01'!FF86 | FG7: ='P01'!FG86 | FH7: ='P01'!FH86 | FI7: ='P01'!FI86 | FJ7: ='P01'!FJ86 | FK7: ='P01'!FK86 | FL7: ='P01'!FL86 | ... GZ7: ='P01'!GZ86
A9: Frankie Dettori | N9: TYPE 1 - MAIN | BK9: TYPE 2 - MAIN | DH9: TYPE 1 - MAIN + TT | FE9: TYPE 2 - MAIN + TT
A10: Margin (to leader / 2nd) | O10: -636.29 | Q10: -61.24 | R10: -55.18 | S10: -143.54 | W10: -259.09 | X10: 95.17 | AA10: 255.52 | AB10: 725.34 | AC10: 86.88 | AD10: -57.02 | AE10: 295.54 | AJ10: -128.18 | AL10: 290.75 | AQ10: 66.09 | AT10: -154.94 | AU10: 238.69 | AV10: -122.96 | AW10: -178.4 | AY10: -62.91 | BA10: 7.41 | BB10: 9.08 | BD10: -99.82 | BE10: -38.4 | BH10: -86.29 | BL10: 91.09 | BN10: 402.73 | BP10: -223.51 | BQ10: 171.51 | BS10: -33.07 | BT10: -385.03 | BU10: 344.09 | BW10: -410.07 | BY10: -301.7 | BZ10: -168.63 | CB10: -175.41 | CD10: 144.81 | CE10: -539.38 | CG10: -224.39 | CI10: 76.24 | CJ10: -142.63 | CM10: 127.39 | CN10: -21.96 | CQ10: -48.73 | CR10: -6.86 | CS10: -169.22 | CV10: -549.57 | CX10: 473.03 | CY10: 1.04 | DA10: 29.37 | DB10: 173.79 | DE10: -271.74 | DI10: -731.63 | DK10: -156.75 | DL10: -55.18 | DM10: -143.54 | DQ10: -259.09 | DR10: 0.96 | DU10: 338.15 | DV10: 860.29 | DW10: 86.88 | DX10: -137.06 | DY10: 384.27 | ED10: -128.18 | EF10: 439.25 | EK10: 66.1 | EN10: -254.56 | EO10: 407.53 | EP10: -126.59 | EQ10: -285.85 | ES10: -64.79 | EU10: 7.41 | EV10: 9.09 | EX10: -99.82 | EY10: -132.6 | FB10: -126.65 | FF10: 137.26 | FH10: 437.23 | FJ10: -152.21 | FK10: 342.55 | FM10: -36.02 | FN10: -462.85 | FO10: 574.41 | FQ10: -158.26 | FS10: -446.48 | FT10: -391.44 | FV10: -158.17 | FX10: -5.09 | FY10: -576.39 | GA10: -621.55 | GC10: 167.44 | GD10: -61.87 | GG10: 123 | GH10: -21.96 | GK10: -48.72 | GL10: -6.86 | GM10: -261.76 | GP10: -634.92 | GR10: 473.03 | GS10: 1.05 | GU10: -65.38 | GV10: 359.25 | GY10: -300.45
A11: Rank | O11: 2 | Q11: 2 | R11: 2 | S11: 2 | U11: 1 | W11: 2 | X11: 1 | AA11: 1 | AB11: 1 | AC11: 1 | AD11: 2 | AE11: 1 | AJ11: 2 | AL11: 1 | AO11: 1 | AP11: 1 | AQ11: 1 | AT11: 2 | AU11: 1 | AV11: 2 | AW11: 2 | AY11: 2 | BA11: 1 | BB11: 1 | BD11: 2 | BE11: 2 | BH11: 2 | BL11: 1 | BN11: 1 | BP11: 2 | BQ11: 1 | BS11: 2 | BT11: 2 | BU11: 1 | BV11: 1 | BW11: 2 | BX11: 1 | BY11: 2 | BZ11: 2 | CA11: 1 | CB11: 2 | CD11: 1 | CE11: 2 | CG11: 2 | CH11: 1 | CI11: 1 | CJ11: 2 | CL11: 1 | CM11: 1 | CN11: 2 | CO11: 1 | CQ11: 2 | CR11: 2 | CS11: 2 | CV11: 2 | CX11: 1 | CY11: 1 | DA11: 1 | DB11: 1 | DE11: 2 | DI11: 2 | DK11: 2 | DL11: 2 | DM11: 2 | DO11: 1 | DQ11: 2 | DR11: 1 | DU11: 1 | DV11: 1 | DW11: 1 | DX11: 2 | DY11: 1 | ED11: 2 | EF11: 1 | EI11: 1 | EJ11: 1 | EK11: 1 | EN11: 2 | EO11: 1 | EP11: 2 | EQ11: 2 | ES11: 2 | EU11: 1 | EV11: 1 | EX11: 2 | EY11: 2 | FB11: 2 | FF11: 1 | FH11: 1 | FJ11: 2 | FK11: 1 | FM11: 2 | FN11: 2 | FO11: 1 | FP11: 1 | FQ11: 2 | FR11: 1 | FS11: 2 | FT11: 2 | FU11: 1 | FV11: 2 | FX11: 2 | FY11: 2 | GA11: 2 | GB11: 1 | GC11: 1 | GD11: 2 | GF11: 1 | GG11: 1 | GH11: 2 | GI11: 1 | GK11: 2 | GL11: 2 | GM11: 2 | GP11: 2 | GR11: 1 | GS11: 1 | GU11: 2 | GV11: 1 | GY11: 2
A12: Total (MAIN SUMMARY only) | N12: ='P02'!N86 | O12: ='P02'!O86 | P12: ='P02'!P86 | Q12: ='P02'!Q86 | R12: ='P02'!R86 | S12: ='P02'!S86 | T12: ='P02'!T86 | U12: ='P02'!U86 | ... BI12: ='P02'!BI86 | BK12: ='P02'!BK86 | BL12: ='P02'!BL86 | BM12: ='P02'!BM86 | BN12: ='P02'!BN86 | BO12: ='P02'!BO86 | BP12: ='P02'!BP86 | BQ12: ='P02'!BQ86 | BR12: ='P02'!BR86 | ... DF12: ='P02'!DF86 | DH12: ='P02'!DH86 | DI12: ='P02'!DI86 | DJ12: ='P02'!DJ86 | DK12: ='P02'!DK86 | DL12: ='P02'!DL86 | DM12: ='P02'!DM86 | DN12: ='P02'!DN86 | DO12: ='P02'!DO86 | ... FC12: ='P02'!FC86 | FE12: ='P02'!FE86 | FF12: ='P02'!FF86 | FG12: ='P02'!FG86 | FH12: ='P02'!FH86 | FI12: ='P02'!FI86 | FJ12: ='P02'!FJ86 | FK12: ='P02'!FK86 | FL12: ='P02'!FL86 | ... GZ12: ='P02'!GZ86

Sheet P01
A1: Diffident | N1: SELF / DIRECT / CROSS HITS BY BODY | BK1: MATCH HITS BY BODY | DH1: SELF / DIRECT / CROSS (+ transit pair vibration score) | FE1: MATCH (+ transit pair vibration score)
A2: ascot 14:35 [v2.5] | N2: Ceres | O2: Chiron | P2: Eris | Q2: Juno | R2: Jupiter | S2: Ketu | T2: Mars | U2: Mercury | V2: Moon | W2: Neptune | X2: Pallas | Y2: Pluto | Z2: Rahu | AA2: Saturn | AB2: Sun | AC2: Uranus | AD2: Venus | AE2: Vesta | AF2: equator | AG2: Gonggong | AH2: Haumea | AI2: Makemake | AJ2: Orcus | AK2: Quaoar | AL2: Sedna | AM2: Transpluto | AN2: Aldebaran | AO2: Antares | AP2: Fomalhaut | AQ2: Regulus | AR2: Algol | AS2: Pleiades | AT2: Capella | AU2: Sirius | AV2: Procyon | AW2: Alkaid | AX2: Algorab | AY2: Spica | AZ2: Arcturus | BA2: Alphecca | BB2: Vega | BC2: Deneb Algedi | BD2: Rigel | BE2: Betelgeuse | BF2: Polaris | BG2: Castor | BH2: Altair | BI2: Bellatrix | BK2: Ceres | BL2: Chiron | BM2: Eris | BN2: Juno | BO2: Jupiter | BP2: Ketu | BQ2: Mars | BR2: Mercury | BS2: Moon | BT2: Neptune | BU2: Pallas | BV2: Pluto | BW2: Rahu | BX2: Saturn | BY2: Sun | BZ2: Uranus | CA2: Venus | CB2: Vesta | CC2: equator | CD2: Gonggong | CE2: Haumea | CF2: Makemake | CG2: Orcus | CH2: Quaoar | CI2: Sedna | CJ2: Transpluto | CK2: Aldebaran | CL2: Antares | CM2: Fomalhaut | CN2: Regulus | CO2: Algol | CP2: Pleiades | CQ2: Capella | CR2: Sirius | CS2: Procyon | CT2: Alkaid | CU2: Algorab | CV2: Spica | CW2: Arcturus | CX2: Alphecca | CY2: Vega | CZ2: Deneb Algedi | DA2: Rigel | DB2: Betelgeuse | DC2: Polaris | DD2: Castor | DE2: Altair | DF2: Bellatrix | DH2: Ceres | DI2: Chiron | DJ2: Eris | DK2: Juno | DL2: Jupiter | DM2: Ketu | DN2: Mars | DO2: Mercury | DP2: Moon | DQ2: Neptune | DR2: Pallas | DS2: Pluto | DT2: Rahu | DU2: Saturn | DV2: Sun | DW2: Uranus | DX2: Venus | DY2: Vesta | DZ2: equator | EA2: Gonggong | EB2: Haumea | EC2: Makemake | ED2: Orcus | EE2: Quaoar | EF2: Sedna | EG2: Transpluto | EH2: Aldebaran | EI2: Antares | EJ2: Fomalhaut | EK2: Regulus | EL2: Algol | EM2: Pleiades | EN2: Capella | EO2: Sirius | EP2: Procyon | EQ2: Alkaid | ER2: Algorab | ES2: Spica | ET2: Arcturus | EU2: Alphecca | EV2: Vega | EW2: Deneb Algedi | EX2: Rigel | EY2: Betelgeuse | EZ2: Polaris | FA2: Castor | FB2: Altair | FC2: Bellatrix | FE2: Ceres | FF2: Chiron | FG2: Eris | FH2: Juno | FI2: Jupiter | FJ2: Ketu | FK2: Mars | FL2: Mercury | FM2: Moon | FN2: Neptune | FO2: Pallas | FP2: Pluto | FQ2: Rahu | FR2: Saturn | FS2: Sun | FT2: Uranus | FU2: Venus | FV2: Vesta | FW2: equator | FX2: Gonggong | FY2: Haumea | FZ2: Makemake | GA2: Orcus | GB2: Quaoar | GC2: Sedna | GD2: Transpluto | GE2: Aldebaran | GF2: Antares | GG2: Fomalhaut | GH2: Regulus | GI2: Algol | GJ2: Pleiades | GK2: Capella | GL2: Sirius | GM2: Procyon | GN2: Alkaid | GO2: Algorab | GP2: Spica | GQ2: Arcturus | GR2: Alphecca | GS2: Vega | GT2: Deneb Algedi | GU2: Rigel | GV2: Betelgeuse | GW2: Polaris | GX2: Castor | GY2: Altair | GZ2: Bellatrix
O3: 625.27 | P3: 97.13 | Q3: 157.15 | R3: 133.75 | S3: 70.89 | T3: 754.3 | U3: 10.37 | V3: 125.26 | W3: 82.83 | X3: 88.01 | Z3: 114.35 | AA3: 40.77 | AB3: 100.4 | AC3: 173.73 | AD3: 165.53 | AE3: 74.52 | AG3: 44.84 | AH3: 176.96 | AI3: 26.87 | AJ3: 106.77 | AL3: 82.47 | AN3: 88.71 | AO3: 97.14 | AP3: 186.27 | AQ3: 84.9 | AT3: 338.08 | AU3: 395.83 | AV3: 616.61 | AW3: 276.89 | AY3: 447.55 | AZ3: 365.17 | BA3: 77.58 | BB3: 238.38 | BC3: 352.58 | BD3: 248.71 | BE3: 327.16 | BF3: 246 | BG3: 119.25 | BH3: 333.11 | BI3: 179.84 | BK3: 134.56 | BM3: 155.84 | BN3: 264.19 | BO3: 81.56 | BP3: 60.27 | BQ3: 275.79 | BR3: 113.13 | BS3: 207.97 | BT3: 188.37 | BU3: 299.9 | BW3: 283.26 | BX3: 132.39 | BY3: 140.56 | BZ3: 265.91 | CA3: 63.88 | CB3: 493.06 | CD3: 227.56 | CE3: 371.89 | CF3: 30.73 | CG3: 403.04 | CH3: 17.89 | CI3: 310.29 | CJ3: 273.61 | CK3: 181.94 | CL3: 57.95 | CM3: 67.05 | CN3: 82.32 | CO3: 4.44 | CP3: 12.8 | CQ3: 69.87 | CR3: 75.2 | CS3: 70.66 | CT3: 7.37 | CU3: 30.67 | CV3: 550.77 | CX3: 114.9 | CY3: 111.31 | CZ3: 198.07 | DB3: 153.88 | DE3: 87.16 | DF3: 204.12 | DI3: 760.53 | DJ3: 97.13 | DK3: 157.15 | DL3: 133.75 | DM3: 70.89 | DN3: 762.35 | DO3: 10.37 | DP3: 219 | DQ3: 82.83 | DR3: 88.01 | DT3: 228.71 | DU3: 40.77 | DV3: 100.4 | DW3: 173.73 | DX3: 245.56 | DY3: 74.52 | EA3: 44.84 | EB3: 176.96 | EC3: 26.87 | ED3: 106.77 | EF3: 82.47 | EH3: 177.92 | EI3: 192.69 | EJ3: 400.78 | EK3: 173.26 | EN3: 524.26 | EO3: 796.03 | EP3: 1062.42 | EQ3: 478.81 | ES3: 881.74 | ET3: 591.72 | EU3: 173.41 | EV3: 501.23 | EW3: 630.35 | EX3: 343.46 | EY3: 711.47 | EZ3: 339.88 | FA3: 214.23 | FB3: 533.8 | FC3: 274.05 | FE3: 134.56 | FG3: 155.84 | FH3: 613.85 | FI3: 81.56 | FJ3: 259.96 | FK3: 303.28 | FL3: 113.13 | FM3: 207.97 | FN3: 456.9 | FO3: 460.82 | FQ3: 283.26 | FR3: 318.79 | FS3: 169.27 | FT3: 454.33 | FU3: 260.07 | FV3: 675.68 | FX3: 425.82 | FY3: 554.51 | FZ3: 30.73 | GA3: 897.28 | GB3: 17.89 | GC3: 617.73 | GD3: 273.61 | GE3: 181.94 | GF3: 106.3 | GG3: 267.05 | GH3: 150.99 | GI3: 392.37 | GJ3: 12.8 | GK3: 118.21 | GL3: 123.54 | GM3: 70.66 | GN3: 7.37 | GO3: 37.75 | GP3: 733.39 | GR3: 163.24 | GS3: 159.66 | GT3: 841.67 | GV3: 383.14 | GY3: 115.87 | GZ3: 389.29
A5: QUALIFYING CORE PAIRS (score >= 80)
A6: Pair | B6: RA Score | C6: Dec Score | D6: RA Dist | E6: Dec Dist
A7: MAX | N7: =MAX(N8:N62) | O7: =MAX(O8:O62) | P7: =MAX(P8:P62) | Q7: =MAX(Q8:Q62) | R7: =MAX(R8:R62) | S7: =MAX(S8:S62) | T7: =MAX(T8:T62) | U7: =MAX(U8:U62) | ... BI7: =MAX(BI8:BI62) | BK7: =MAX(BK8:BK62) | BL7: =MAX(BL8:BL62) | BM7: =MAX(BM8:BM62) | BN7: =MAX(BN8:BN62) | BO7: =MAX(BO8:BO62) | BP7: =MAX(BP8:BP62) | BQ7: =MAX(BQ8:BQ62) | BR7: =MAX(BR8:BR62) | ... DF7: =MAX(DF8:DF62) | DH7: =MAX(DH8:DH62) | DI7: =MAX(DI8:DI62) | DJ7: =MAX(DJ8:DJ62) | DK7: =MAX(DK8:DK62) | DL7: =MAX(DL8:DL62) | DM7: =MAX(DM8:DM62) | DN7: =MAX(DN8:DN62) | DO7: =MAX(DO8:DO62) | ... FC7: =MAX(FC8:FC62) | FE7: =MAX(FE8:FE62) | FF7: =MAX(FF8:FF62) | FG7: =MAX(FG8:FG62) | FH7: =MAX(FH8:FH62) | FI7: =MAX(FI8:FI62) | FJ7: =MAX(FJ8:FJ62) | FK7: =MAX(FK8:FK62) | FL7: =MAX(FL8:FL62) | ... GZ7: =MAX(GZ8:GZ62)
A8: Ketu / Rahu | B8: 100 | D8: 180 | E8: 6.390653 | N8: =SUM(N88:N118) | O8: =SUM(O88:O118) | P8: =SUM(P88:P118) | Q8: =SUM(Q88:Q118) | R8: =SUM(R88:R118) | S8: =SUM(S88:S118) | T8: =SUM(T88:T118) | U8: =SUM(U88:U118) | ... BI8: =SUM(BI88:BI118) | BK8: =SUM(BK88:BK118) | BL8: =SUM(BL88:BL118) | BM8: =SUM(BM88:BM118) | BN8: =SUM(BN88:BN118) | BO8: =SUM(BO88:BO118) | BP8: =SUM(BP88:BP118) | BQ8: =SUM(BQ88:BQ118) | BR8: =SUM(BR88:BR118) | ... DF8: =SUM(DF88:DF118) | DH8: =SUM(DH88:DH118) | DI8: =SUM(DI88:DI118) | DJ8: =SUM(DJ88:DJ118) | DK8: =SUM(DK88:DK118) | DL8: =SUM(DL88:DL118) | DM8: =SUM(DM88:DM118) | DN8: =SUM(DN88:DN118) | DO8: =SUM(DO88:DO118) | ... FC8: =SUM(FC88:FC118) | FE8: =SUM(FE88:FE118) | FF8: =SUM(FF88:FF118) | FG8: =SUM(FG88:FG118) | FH8: =SUM(FH88:FH118) | FI8: =SUM(FI88:FI118) | FJ8: =SUM(FJ88:FJ118) | FK8: =SUM(FK88:FK118) | FL8: =SUM(FL88:FL118) | ... GZ8: =SUM(GZ88:GZ118)
A9: Ketu / Vesta | B9: 3.54 | C9: 99.63 | D9: 118.77098 | E9: 24.142358 | N9: =SUM(N125:N149) | O9: =SUM(O125:O149) | P9: =SUM(P125:P149) | Q9: =SUM(Q125:Q149) | R9: =SUM(R125:R149) | S9: =SUM(S125:S149) | T9: =SUM(T125:T149) | U9: =SUM(U125:U149) | ... BI9: =SUM(BI125:BI149) | BK9: =SUM(BK125:BK149) | BL9: =SUM(BL125:BL149) | BM9: =SUM(BM125:BM149) | BN9: =SUM(BN125:BN149) | BO9: =SUM(BO125:BO149) | BP9: =SUM(BP125:BP149) | BQ9: =SUM(BQ125:BQ149) | BR9: =SUM(BR125:BR149) | ... DF9: =SUM(DF125:DF149) | DH9: =SUM(DH125:DH149) | DI9: =SUM(DI125:DI149) | DJ9: =SUM(DJ125:DJ149) | DK9: =SUM(DK125:DK149) | DL9: =SUM(DL125:DL149) | DM9: =SUM(DM125:DM149) | DN9: =SUM(DN125:DN149) | DO9: =SUM(DO125:DO149) | ... FC9: =SUM(FC125:FC149) | FE9: =SUM(FE125:FE149) | FF9: =SUM(FF125:FF149) | FG9: =SUM(FG125:FG149) | FH9: =SUM(FH125:FH149) | FI9: =SUM(FI125:FI149) | FJ9: =SUM(FJ125:FJ149) | FK9: =SUM(FK125:FK149) | FL9: =SUM(FL125:FL149) | ... GZ9: =SUM(GZ125:GZ149)
A10: Neptune / Capella | C10: 99.61 | D10: 142.27988 | E10: 66.667118 | N10: =SUM(N151:N170) | O10: =SUM(O151:O170) | P10: =SUM(P151:P170) | Q10: =SUM(Q151:Q170) | R10: =SUM(R151:R170) | S10: =SUM(S151:S170) | T10: =SUM(T151:T170) | U10: =SUM(U151:U170) | ... BI10: =SUM(BI151:BI170) | BK10: =SUM(BK151:BK170) | BL10: =SUM(BL151:BL170) | BM10: =SUM(BM151:BM170) | BN10: =SUM(BN151:BN170) | BO10: =SUM(BO151:BO170) | BP10: =SUM(BP151:BP170) | BQ10: =SUM(BQ151:BQ170) | BR10: =SUM(BR151:BR170) | ... DF10: =SUM(DF151:DF170) | DH10: =SUM(DH151:DH170) | DI10: =SUM(DI151:DI170) | DJ10: =SUM(DJ151:DJ170) | DK10: =SUM(DK151:DK170) | DL10: =SUM(DL151:DL170) | DM10: =SUM(DM151:DM170) | DN10: =SUM(DN151:DN170) | DO10: =SUM(DO151:DO170) | ... FC10: =SUM(FC151:FC170) | FE10: =SUM(FE151:FE170) | FF10: =SUM(FF151:FF170) | FG10: =SUM(FG151:FG170) | FH10: =SUM(FH151:FH170) | FI10: =SUM(FI151:FI170) | FJ10: =SUM(FJ151:FJ170) | FK10: =SUM(FK151:FK170) | FL10: =SUM(FL151:FL170) | ... GZ10: =SUM(GZ151:GZ170)
A11: Chiron / Sun | B11: 99.13 | D11: 11.11058 | E11: 5.828722 | N11: =SUM(N172:N206) | O11: =SUM(O172:O206) | P11: =SUM(P172:P206) | Q11: =SUM(Q172:Q206) | R11: =SUM(R172:R206) | S11: =SUM(S172:S206) | T11: =SUM(T172:T206) | U11: =SUM(U172:U206) | ... BI11: =SUM(BI172:BI206) | BK11: =SUM(BK172:BK206) | BL11: =SUM(BL172:BL206) | BM11: =SUM(BM172:BM206) | BN11: =SUM(BN172:BN206) | BO11: =SUM(BO172:BO206) | BP11: =SUM(BP172:BP206) | BQ11: =SUM(BQ172:BQ206) | BR11: =SUM(BR172:BR206) | ... DF11: =SUM(DF172:DF206) | DH11: =SUM(DH172:DH206) | DI11: =SUM(DI172:DI206) | DJ11: =SUM(DJ172:DJ206) | DK11: =SUM(DK172:DK206) | DL11: =SUM(DL172:DL206) | DM11: =SUM(DM172:DM206) | DN11: =SUM(DN172:DN206) | DO11: =SUM(DO172:DO206) | ... FC11: =SUM(FC172:FC206) | FE11: =SUM(FE172:FE206) | FF11: =SUM(FF172:FF206) | FG11: =SUM(FG172:FG206) | FH11: =SUM(FH172:FH206) | FI11: =SUM(FI172:FI206) | FJ11: =SUM(FJ172:FJ206) | FK11: =SUM(FK172:FK206) | FL11: =SUM(FL172:FL206) | ... GZ11: =SUM(GZ172:GZ206)
A12: Saturn / Vesta | B12: 98.1 | D12: 115.96524 | E12: 20.083771 | N12: =SUM(N208:N223) | O12: =SUM(O208:O223) | P12: =SUM(P208:P223) | Q12: =SUM(Q208:Q223) | R12: =SUM(R208:R223) | S12: =SUM(S208:S223) | T12: =SUM(T208:T223) | U12: =SUM(U208:U223) | ... BI12: =SUM(BI208:BI223) | BK12: =SUM(BK208:BK223) | BL12: =SUM(BL208:BL223) | BM12: =SUM(BM208:BM223) | BN12: =SUM(BN208:BN223) | BO12: =SUM(BO208:BO223) | BP12: =SUM(BP208:BP223) | BQ12: =SUM(BQ208:BQ223) | BR12: =SUM(BR208:BR223) | ... DF12: =SUM(DF208:DF223) | DH12: =SUM(DH208:DH223) | DI12: =SUM(DI208:DI223) | DJ12: =SUM(DJ208:DJ223) | DK12: =SUM(DK208:DK223) | DL12: =SUM(DL208:DL223) | DM12: =SUM(DM208:DM223) | DN12: =SUM(DN208:DN223) | DO12: =SUM(DO208:DO223) | ... FC12: =SUM(FC208:FC223) | FE12: =SUM(FE208:FE223) | FF12: =SUM(FF208:FF223) | FG12: =SUM(FG208:FG223) | FH12: =SUM(FH208:FH223) | FI12: =SUM(FI208:FI223) | FJ12: =SUM(FJ208:FJ223) | FK12: =SUM(FK208:FK223) | FL12: =SUM(FL208:FL223) | ... GZ12: =SUM(GZ208:GZ223)
A13: Eris / Haumea | C13: 97.87 | D13: 169.95967 | E13: 29.124959 | N13: =SUM(N247:N264) | O13: =SUM(O247:O264) | P13: =SUM(P247:P264) | Q13: =SUM(Q247:Q264) | R13: =SUM(R247:R264) | S13: =SUM(S247:S264) | T13: =SUM(T247:T264) | U13: =SUM(U247:U264) | ... BI13: =SUM(BI247:BI264) | BK13: =SUM(BK247:BK264) | BL13: =SUM(BL247:BL264) | BM13: =SUM(BM247:BM264) | BN13: =SUM(BN247:BN264) | BO13: =SUM(BO247:BO264) | BP13: =SUM(BP247:BP264) | BQ13: =SUM(BQ247:BQ264) | BR13: =SUM(BR247:BR264) | ... DF13: =SUM(DF247:DF264) | DH13: =SUM(DH247:DH264) | DI13: =SUM(DI247:DI264) | DJ13: =SUM(DJ247:DJ264) | DK13: =SUM(DK247:DK264) | DL13: =SUM(DL247:DL264) | DM13: =SUM(DM247:DM264) | DN13: =SUM(DN247:DN264) | DO13: =SUM(DO247:DO264) | ... FC13: =SUM(FC247:FC264) | FE13: =SUM(FE247:FE264) | FF13: =SUM(FF247:FF264) | FG13: =SUM(FG247:FG264) | FH13: =SUM(FH247:FH264) | FI13: =SUM(FI247:FI264) | FJ13: =SUM(FJ247:FJ264) | FK13: =SUM(FK247:FK264) | FL13: =SUM(FL247:FL264) | ... GZ13: =SUM(GZ247:GZ264)
A14: Pallas / Fomalhaut | B14: 97.81 | D14: 111.12451 | E14: 38.904994 | N14: =SUM(N266:N272) | O14: =SUM(O266:O272) | P14: =SUM(P266:P272) | Q14: =SUM(Q266:Q272) | R14: =SUM(R266:R272) | S14: =SUM(S266:S272) | T14: =SUM(T266:T272) | U14: =SUM(U266:U272) | ... BI14: =SUM(BI266:BI272) | BK14: =SUM(BK266:BK272) | BL14: =SUM(BL266:BL272) | BM14: =SUM(BM266:BM272) | BN14: =SUM(BN266:BN272) | BO14: =SUM(BO266:BO272) | BP14: =SUM(BP266:BP272) | BQ14: =SUM(BQ266:BQ272) | BR14: =SUM(BR266:BR272) | ... DF14: =SUM(DF266:DF272) | DH14: =SUM(DH266:DH272) | DI14: =SUM(DI266:DI272) | DJ14: =SUM(DJ266:DJ272) | DK14: =SUM(DK266:DK272) | DL14: =SUM(DL266:DL272) | DM14: =SUM(DM266:DM272) | DN14: =SUM(DN266:DN272) | DO14: =SUM(DO266:DO272) | ... FC14: =SUM(FC266:FC272) | FE14: =SUM(FE266:FE272) | FF14: =SUM(FF266:FF272) | FG14: =SUM(FG266:FG272) | FH14: =SUM(FH266:FH272) | FI14: =SUM(FI266:FI272) | FJ14: =SUM(FJ266:FJ272) | FK14: =SUM(FK266:FK272) | FL14: =SUM(FL266:FL272) | ... GZ14: =SUM(GZ266:GZ272)
A15: Moon / Venus | B15: 96.37 | C15: 93.74 | D15: 122.19603 | E15: 6.181323 | N15: 0 | O15: 0 | P15: 0 | Q15: 0 | R15: 0 | S15: 0 | T15: 0 | U15: 0 | V15: 0 | W15: 0 | X15: 0 | Y15: 0 | Z15: 0 | AA15: 0 | AB15: 0 | AC15: 0 | AD15: 0 | AE15: 0 | AF15: 0 | AG15: 0 | AH15: 0 | AI15: 0 | AJ15: 0 | AK15: 0 | AL15: 0 | AM15: 0 | AN15: 0 | AO15: 0 | AP15: 0 | AQ15: 0 | AR15: 0 | AS15: 0 | AT15: 0 | AU15: 0 | AV15: 0 | AW15: 0 | AX15: 0 | AY15: 0 | AZ15: 0 | BA15: 0 | BB15: 0 | BC15: 0 | BD15: 0 | BE15: 0 | BF15: 0 | BG15: 0 | BH15: 0 | BI15: 0 | BK15: 0 | BL15: 0 | BM15: 0 | BN15: 0 | BO15: 0 | BP15: 0 | BQ15: 0 | BR15: 0 | BS15: 0 | BT15: 0 | BU15: 0 | BV15: 0 | BW15: 0 | BX15: 0 | BY15: 0 | BZ15: 0 | CA15: 0 | CB15: 0 | CC15: 0 | CD15: 0 | CE15: 0 | CF15: 0 | CG15: 0 | CH15: 0 | CI15: 0 | CJ15: 0 | CK15: 0 | CL15: 0 | CM15: 0 | CN15: 0 | CO15: 0 | CP15: 0 | CQ15: 0 | CR15: 0 | CS15: 0 | CT15: 0 | CU15: 0 | CV15: 0 | CW15: 0 | CX15: 0 | CY15: 0 | CZ15: 0 | DA15: 0 | DB15: 0 | DC15: 0 | DD15: 0 | DE15: 0 | DF15: 0 | DH15: 0 | DI15: 0 | DJ15: 0 | DK15: 0 | DL15: 0 | DM15: 0 | DN15: 0 | DO15: 0 | DP15: 0 | DQ15: 0 | DR15: 0 | DS15: 0 | DT15: 0 | DU15: 0 | DV15: 0 | DW15: 0 | DX15: 0 | DY15: 0 | DZ15: 0 | EA15: 0 | EB15: 0 | EC15: 0 | ED15: 0 | EE15: 0 | EF15: 0 | EG15: 0 | EH15: 0 | EI15: 0 | EJ15: 0 | EK15: 0 | EL15: 0 | EM15: 0 | EN15: 0 | EO15: 0 | EP15: 0 | EQ15: 0 | ER15: 0 | ES15: 0 | ET15: 0 | EU15: 0 | EV15: 0 | EW15: 0 | EX15: 0 | EY15: 0 | EZ15: 0 | FA15: 0 | FB15: 0 | FC15: 0 | FE15: 0 | FF15: 0 | FG15: 0 | FH15: 0 | FI15: 0 | FJ15: 0 | FK15: 0 | FL15: 0 | FM15: 0 | FN15: 0 | FO15: 0 | FP15: 0 | FQ15: 0 | FR15: 0 | FS15: 0 | FT15: 0 | FU15: 0 | FV15: 0 | FW15: 0 | FX15: 0 | FY15: 0 | FZ15: 0 | GA15: 0 | GB15: 0 | GC15: 0 | GD15: 0 | GE15: 0 | GF15: 0 | GG15: 0 | GH15: 0 | GI15: 0 | GJ15: 0 | GK15: 0 | GL15: 0 | GM15: 0 | GN15: 0 | GO15: 0 | GP15: 0 | GQ15: 0 | GR15: 0 | GS15: 0 | GT15: 0 | GU15: 0 | GV15: 0 | GW15: 0 | GX15: 0 | GY15: 0 | GZ15: 0
A16: Neptune / Polaris | B16: 96.22 | D16: 101.39789 | E16: 109.93542 | N16: =SUM(N279:N285) | O16: =SUM(O279:O285) | P16: =SUM(P279:P285) | Q16: =SUM(Q279:Q285) | R16: =SUM(R279:R285) | S16: =SUM(S279:S285) | T16: =SUM(T279:T285) | U16: =SUM(U279:U285) | ... BI16: =SUM(BI279:BI285) | BK16: =SUM(BK279:BK285) | BL16: =SUM(BL279:BL285) | BM16: =SUM(BM279:BM285) | BN16: =SUM(BN279:BN285) | BO16: =SUM(BO279:BO285) | BP16: =SUM(BP279:BP285) | BQ16: =SUM(BQ279:BQ285) | BR16: =SUM(BR279:BR285) | ... DF16: =SUM(DF279:DF285) | DH16: =SUM(DH279:DH285) | DI16: =SUM(DI279:DI285) | DJ16: =SUM(DJ279:DJ285) | DK16: =SUM(DK279:DK285) | DL16: =SUM(DL279:DL285) | DM16: =SUM(DM279:DM285) | DN16: =SUM(DN279:DN285) | DO16: =SUM(DO279:DO285) | ... FC16: =SUM(FC279:FC285) | FE16: =SUM(FE279:FE285) | FF16: =SUM(FF279:FF285) | FG16: =SUM(FG279:FG285) | FH16: =SUM(FH279:FH285) | FI16: =SUM(FI279:FI285) | FJ16: =SUM(FJ279:FJ285) | FK16: =SUM(FK279:FK285) | FL16: =SUM(FL279:FL285) | ... GZ16: =SUM(GZ279:GZ285)
A17: Pallas / Polaris | B17: 95.95 | D17: 164.99959 | E17: 79.978904 | N17: 0 | O17: 0 | P17: 0 | Q17: 0 | R17: 0 | S17: 0 | T17: 0 | U17: 0 | V17: 0 | W17: 0 | X17: 0 | Y17: 0 | Z17: 0 | AA17: 0 | AB17: 0 | AC17: 0 | AD17: 0 | AE17: 0 | AF17: 0 | AG17: 0 | AH17: 0 | AI17: 0 | AJ17: 0 | AK17: 0 | AL17: 0 | AM17: 0 | AN17: 0 | AO17: 0 | AP17: 0 | AQ17: 0 | AR17: 0 | AS17: 0 | AT17: 0 | AU17: 0 | AV17: 0 | AW17: 0 | AX17: 0 | AY17: 0 | AZ17: 0 | BA17: 0 | BB17: 0 | BC17: 0 | BD17: 0 | BE17: 0 | BF17: 0 | BG17: 0 | BH17: 0 | BI17: 0 | BK17: 0 | BL17: 0 | BM17: 0 | BN17: 0 | BO17: 0 | BP17: 0 | BQ17: 0 | BR17: 0 | BS17: 0 | BT17: 0 | BU17: 0 | BV17: 0 | BW17: 0 | BX17: 0 | BY17: 0 | BZ17: 0 | CA17: 0 | CB17: 0 | CC17: 0 | CD17: 0 | CE17: 0 | CF17: 0 | CG17: 0 | CH17: 0 | CI17: 0 | CJ17: 0 | CK17: 0 | CL17: 0 | CM17: 0 | CN17: 0 | CO17: 0 | CP17: 0 | CQ17: 0 | CR17: 0 | CS17: 0 | CT17: 0 | CU17: 0 | CV17: 0 | CW17: 0 | CX17: 0 | CY17: 0 | CZ17: 0 | DA17: 0 | DB17: 0 | DC17: 0 | DD17: 0 | DE17: 0 | DF17: 0 | DH17: 0 | DI17: 0 | DJ17: 0 | DK17: 0 | DL17: 0 | DM17: 0 | DN17: 0 | DO17: 0 | DP17: 0 | DQ17: 0 | DR17: 0 | DS17: 0 | DT17: 0 | DU17: 0 | DV17: 0 | DW17: 0 | DX17: 0 | DY17: 0 | DZ17: 0 | EA17: 0 | EB17: 0 | EC17: 0 | ED17: 0 | EE17: 0 | EF17: 0 | EG17: 0 | EH17: 0 | EI17: 0 | EJ17: 0 | EK17: 0 | EL17: 0 | EM17: 0 | EN17: 0 | EO17: 0 | EP17: 0 | EQ17: 0 | ER17: 0 | ES17: 0 | ET17: 0 | EU17: 0 | EV17: 0 | EW17: 0 | EX17: 0 | EY17: 0 | EZ17: 0 | FA17: 0 | FB17: 0 | FC17: 0 | FE17: 0 | FF17: 0 | FG17: 0 | FH17: 0 | FI17: 0 | FJ17: 0 | FK17: 0 | FL17: 0 | FM17: 0 | FN17: 0 | FO17: 0 | FP17: 0 | FQ17: 0 | FR17: 0 | FS17: 0 | FT17: 0 | FU17: 0 | FV17: 0 | FW17: 0 | FX17: 0 | FY17: 0 | FZ17: 0 | GA17: 0 | GB17: 0 | GC17: 0 | GD17: 0 | GE17: 0 | GF17: 0 | GG17: 0 | GH17: 0 | GI17: 0 | GJ17: 0 | GK17: 0 | GL17: 0 | GM17: 0 | GN17: 0 | GO17: 0 | GP17: 0 | GQ17: 0 | GR17: 0 | GS17: 0 | GT17: 0 | GU17: 0 | GV17: 0 | GW17: 0 | GX17: 0 | GY17: 0 | GZ17: 0
A18: Saturn / Orcus | B18: 95.87 | D18: 131.52127 | E18: 1.314988 | N18: 0 | O18: 0 | P18: 0 | Q18: 0 | R18: 0 | S18: 0 | T18: 0 | U18: 0 | V18: 0 | W18: 0 | X18: 0 | Y18: 0 | Z18: 0 | AA18: 0 | AB18: 0 | AC18: 0 | AD18: 0 | AE18: 0 | AF18: 0 | AG18: 0 | AH18: 0 | AI18: 0 | AJ18: 0 | AK18: 0 | AL18: 0 | AM18: 0 | AN18: 0 | AO18: 0 | AP18: 0 | AQ18: 0 | AR18: 0 | AS18: 0 | AT18: 0 | AU18: 0 | AV18: 0 | AW18: 0 | AX18: 0 | AY18: 0 | AZ18: 0 | BA18: 0 | BB18: 0 | BC18: 0 | BD18: 0 | BE18: 0 | BF18: 0 | BG18: 0 | BH18: 0 | BI18: 0 | BK18: 0 | BL18: 0 | BM18: 0 | BN18: 0 | BO18: 0 | BP18: 0 | BQ18: 0 | BR18: 0 | BS18: 0 | BT18: 0 | BU18: 0 | BV18: 0 | BW18: 0 | BX18: 0 | BY18: 0 | BZ18: 0 | CA18: 0 | CB18: 0 | CC18: 0 | CD18: 0 | CE18: 0 | CF18: 0 | CG18: 0 | CH18: 0 | CI18: 0 | CJ18: 0 | CK18: 0 | CL18: 0 | CM18: 0 | CN18: 0 | CO18: 0 | CP18: 0 | CQ18: 0 | CR18: 0 | CS18: 0 | CT18: 0 | CU18: 0 | CV18: 0 | CW18: 0 | CX18: 0 | CY18: 0 | CZ18: 0 | DA18: 0 | DB18: 0 | DC18: 0 | DD18: 0 | DE18: 0 | DF18: 0 | DH18: 0 | DI18: 0 | DJ18: 0 | DK18: 0 | DL18: 0 | DM18: 0 | DN18: 0 | DO18: 0 | DP18: 0 | DQ18: 0 | DR18: 0 | DS18: 0 | DT18: 0 | DU18: 0 | DV18: 0 | DW18: 0 | DX18: 0 | DY18: 0 | DZ18: 0 | EA18: 0 | EB18: 0 | EC18: 0 | ED18: 0 | EE18: 0 | EF18: 0 | EG18: 0 | EH18: 0 | EI18: 0 | EJ18: 0 | EK18: 0 | EL18: 0 | EM18: 0 | EN18: 0 | EO18: 0 | EP18: 0 | EQ18: 0 | ER18: 0 | ES18: 0 | ET18: 0 | EU18: 0 | EV18: 0 | EW18: 0 | EX18: 0 | EY18: 0 | EZ18: 0 | FA18: 0 | FB18: 0 | FC18: 0 | FE18: 0 | FF18: 0 | FG18: 0 | FH18: 0 | FI18: 0 | FJ18: 0 | FK18: 0 | FL18: 0 | FM18: 0 | FN18: 0 | FO18: 0 | FP18: 0 | FQ18: 0 | FR18: 0 | FS18: 0 | FT18: 0 | FU18: 0 | FV18: 0 | FW18: 0 | FX18: 0 | FY18: 0 | FZ18: 0 | GA18: 0 | GB18: 0 | GC18: 0 | GD18: 0 | GE18: 0 | GF18: 0 | GG18: 0 | GH18: 0 | GI18: 0 | GJ18: 0 | GK18: 0 | GL18: 0 | GM18: 0 | GN18: 0 | GO18: 0 | GP18: 0 | GQ18: 0 | GR18: 0 | GS18: 0 | GT18: 0 | GU18: 0 | GV18: 0 | GW18: 0 | GX18: 0 | GY18: 0 | GZ18: 0
A19: Juno / Arcturus | B19: 95.52 | D19: 161.82174 | E19: 21.521548 | N19: =SUM(N292:N304) | O19: =SUM(O292:O304) | P19: =SUM(P292:P304) | Q19: =SUM(Q292:Q304) | R19: =SUM(R292:R304) | S19: =SUM(S292:S304) | T19: =SUM(T292:T304) | U19: =SUM(U292:U304) | ... BI19: =SUM(BI292:BI304) | BK19: =SUM(BK292:BK304) | BL19: =SUM(BL292:BL304) | BM19: =SUM(BM292:BM304) | BN19: =SUM(BN292:BN304) | BO19: =SUM(BO292:BO304) | BP19: =SUM(BP292:BP304) | BQ19: =SUM(BQ292:BQ304) | BR19: =SUM(BR292:BR304) | ... DF19: =SUM(DF292:DF304) | DH19: =SUM(DH292:DH304) | DI19: =SUM(DI292:DI304) | DJ19: =SUM(DJ292:DJ304) | DK19: =SUM(DK292:DK304) | DL19: =SUM(DL292:DL304) | DM19: =SUM(DM292:DM304) | DN19: =SUM(DN292:DN304) | DO19: =SUM(DO292:DO304) | ... FC19: =SUM(FC292:FC304) | FE19: =SUM(FE292:FE304) | FF19: =SUM(FF292:FF304) | FG19: =SUM(FG292:FG304) | FH19: =SUM(FH292:FH304) | FI19: =SUM(FI292:FI304) | FJ19: =SUM(FJ292:FJ304) | FK19: =SUM(FK292:FK304) | FL19: =SUM(FL292:FL304) | ... GZ19: =SUM(GZ292:GZ304)
A20: Jupiter / Deneb Algedi | B20: 13.61 | C20: 95.51 | D20: 47.126954 | E20: 7.241544 | N20: =SUM(N306:N312) | O20: =SUM(O306:O312) | P20: =SUM(P306:P312) | Q20: =SUM(Q306:Q312) | R20: =SUM(R306:R312) | S20: =SUM(S306:S312) | T20: =SUM(T306:T312) | U20: =SUM(U306:U312) | ... BI20: =SUM(BI306:BI312) | BK20: =SUM(BK306:BK312) | BL20: =SUM(BL306:BL312) | BM20: =SUM(BM306:BM312) | BN20: =SUM(BN306:BN312) | BO20: =SUM(BO306:BO312) | BP20: =SUM(BP306:BP312) | BQ20: =SUM(BQ306:BQ312) | BR20: =SUM(BR306:BR312) | ... DF20: =SUM(DF306:DF312) | DH20: =SUM(DH306:DH312) | DI20: =SUM(DI306:DI312) | DJ20: =SUM(DJ306:DJ312) | DK20: =SUM(DK306:DK312) | DL20: =SUM(DL306:DL312) | DM20: =SUM(DM306:DM312) | DN20: =SUM(DN306:DN312) | DO20: =SUM(DO306:DO312) | ... FC20: =SUM(FC306:FC312) | FE20: =SUM(FE306:FE312) | FF20: =SUM(FF306:FF312) | FG20: =SUM(FG306:FG312) | FH20: =SUM(FH306:FH312) | FI20: =SUM(FI306:FI312) | FJ20: =SUM(FJ306:FJ312) | FK20: =SUM(FK306:FK312) | FL20: =SUM(FL306:FL312) | ... GZ20: =SUM(GZ306:GZ312)
A21: Venus / Vega | B21: 95.28 | D21: 133.29396 | E21: 25.223189 | N21: =SUM(N314:N320) | O21: =SUM(O314:O320) | P21: =SUM(P314:P320) | Q21: =SUM(Q314:Q320) | R21: =SUM(R314:R320) | S21: =SUM(S314:S320) | T21: =SUM(T314:T320) | U21: =SUM(U314:U320) | ... BI21: =SUM(BI314:BI320) | BK21: =SUM(BK314:BK320) | BL21: =SUM(BL314:BL320) | BM21: =SUM(BM314:BM320) | BN21: =SUM(BN314:BN320) | BO21: =SUM(BO314:BO320) | BP21: =SUM(BP314:BP320) | BQ21: =SUM(BQ314:BQ320) | BR21: =SUM(BR314:BR320) | ... DF21: =SUM(DF314:DF320) | DH21: =SUM(DH314:DH320) | DI21: =SUM(DI314:DI320) | DJ21: =SUM(DJ314:DJ320) | DK21: =SUM(DK314:DK320) | DL21: =SUM(DL314:DL320) | DM21: =SUM(DM314:DM320) | DN21: =SUM(DN314:DN320) | DO21: =SUM(DO314:DO320) | ... FC21: =SUM(FC314:FC320) | FE21: =SUM(FE314:FE320) | FF21: =SUM(FF314:FF320) | FG21: =SUM(FG314:FG320) | FH21: =SUM(FH314:FH320) | FI21: =SUM(FI314:FI320) | FJ21: =SUM(FJ314:FJ320) | FK21: =SUM(FK314:FK320) | FL21: =SUM(FL314:FL320) | ... GZ21: =SUM(GZ314:GZ320)
A22: Pallas / Spica | B22: 94.98 | D22: 31.999492 | E22: 20.44382 | N22: =SUM(N327:N330) | O22: =SUM(O327:O330) | P22: =SUM(P327:P330) | Q22: =SUM(Q327:Q330) | R22: =SUM(R327:R330) | S22: =SUM(S327:S330) | T22: =SUM(T327:T330) | U22: =SUM(U327:U330) | ... BI22: =SUM(BI327:BI330) | BK22: =SUM(BK327:BK330) | BL22: =SUM(BL327:BL330) | BM22: =SUM(BM327:BM330) | BN22: =SUM(BN327:BN330) | BO22: =SUM(BO327:BO330) | BP22: =SUM(BP327:BP330) | BQ22: =SUM(BQ327:BQ330) | BR22: =SUM(BR327:BR330) | ... DF22: =SUM(DF327:DF330) | DH22: =SUM(DH327:DH330) | DI22: =SUM(DI327:DI330) | DJ22: =SUM(DJ327:DJ330) | DK22: =SUM(DK327:DK330) | DL22: =SUM(DL327:DL330) | DM22: =SUM(DM327:DM330) | DN22: =SUM(DN327:DN330) | DO22: =SUM(DO327:DO330) | ... FC22: =SUM(FC327:FC330) | FE22: =SUM(FE327:FE330) | FF22: =SUM(FF327:FF330) | FG22: =SUM(FG327:FG330) | FH22: =SUM(FH327:FH330) | FI22: =SUM(FI327:FI330) | FJ22: =SUM(FJ327:FJ330) | FK22: =SUM(FK327:FK330) | FL22: =SUM(FL327:FL330) | ... GZ22: =SUM(GZ327:GZ330)
A23: Chiron / Castor | C23: 94.98 | D23: 82.734695 | E23: 40.000509 | N23: =SUM(N332:N341) | O23: =SUM(O332:O341) | P23: =SUM(P332:P341) | Q23: =SUM(Q332:Q341) | R23: =SUM(R332:R341) | S23: =SUM(S332:S341) | T23: =SUM(T332:T341) | U23: =SUM(U332:U341) | ... BI23: =SUM(BI332:BI341) | BK23: =SUM(BK332:BK341) | BL23: =SUM(BL332:BL341) | BM23: =SUM(BM332:BM341) | BN23: =SUM(BN332:BN341) | BO23: =SUM(BO332:BO341) | BP23: =SUM(BP332:BP341) | BQ23: =SUM(BQ332:BQ341) | BR23: =SUM(BR332:BR341) | ... DF23: =SUM(DF332:DF341) | DH23: =SUM(DH332:DH341) | DI23: =SUM(DI332:DI341) | DJ23: =SUM(DJ332:DJ341) | DK23: =SUM(DK332:DK341) | DL23: =SUM(DL332:DL341) | DM23: =SUM(DM332:DM341) | DN23: =SUM(DN332:DN341) | DO23: =SUM(DO332:DO341) | ... FC23: =SUM(FC332:FC341) | FE23: =SUM(FE332:FE341) | FF23: =SUM(FF332:FF341) | FG23: =SUM(FG332:FG341) | FH23: =SUM(FH332:FH341) | FI23: =SUM(FI332:FI341) | FJ23: =SUM(FJ332:FJ341) | FK23: =SUM(FK332:FK341) | FL23: =SUM(FL332:FL341) | ... GZ23: =SUM(GZ332:GZ341)
A24: Jupiter / Rigel | B24: 94.75 | D24: 158.99947 | E24: 15.16869 | N24: =SUM(N343:N361) | O24: =SUM(O343:O361) | P24: =SUM(P343:P361) | Q24: =SUM(Q343:Q361) | R24: =SUM(R343:R361) | S24: =SUM(S343:S361) | T24: =SUM(T343:T361) | U24: =SUM(U343:U361) | ... BI24: =SUM(BI343:BI361) | BK24: =SUM(BK343:BK361) | BL24: =SUM(BL343:BL361) | BM24: =SUM(BM343:BM361) | BN24: =SUM(BN343:BN361) | BO24: =SUM(BO343:BO361) | BP24: =SUM(BP343:BP361) | BQ24: =SUM(BQ343:BQ361) | BR24: =SUM(BR343:BR361) | ... DF24: =SUM(DF343:DF361) | DH24: =SUM(DH343:DH361) | DI24: =SUM(DI343:DI361) | DJ24: =SUM(DJ343:DJ361) | DK24: =SUM(DK343:DK361) | DL24: =SUM(DL343:DL361) | DM24: =SUM(DM343:DM361) | DN24: =SUM(DN343:DN361) | DO24: =SUM(DO343:DO361) | ... FC24: =SUM(FC343:FC361) | FE24: =SUM(FE343:FE361) | FF24: =SUM(FF343:FF361) | FG24: =SUM(FG343:FG361) | FH24: =SUM(FH343:FH361) | FI24: =SUM(FI343:FI361) | FJ24: =SUM(FJ343:FJ361) | FK24: =SUM(FK343:FK361) | FL24: =SUM(FL343:FL361) | ... GZ24: =SUM(GZ343:GZ361)
A25: Sedna / Alkaid | B25: 12.79 | C25: 94.65 | D25: 161.28371 | E25: 44.449493 | N25: =SUM(N363:N383) | O25: =SUM(O363:O383) | P25: =SUM(P363:P383) | Q25: =SUM(Q363:Q383) | R25: =SUM(R363:R383) | S25: =SUM(S363:S383) | T25: =SUM(T363:T383) | U25: =SUM(U363:U383) | ... BI25: =SUM(BI363:BI383) | BK25: =SUM(BK363:BK383) | BL25: =SUM(BL363:BL383) | BM25: =SUM(BM363:BM383) | BN25: =SUM(BN363:BN383) | BO25: =SUM(BO363:BO383) | BP25: =SUM(BP363:BP383) | BQ25: =SUM(BQ363:BQ383) | BR25: =SUM(BR363:BR383) | ... DF25: =SUM(DF363:DF383) | DH25: =SUM(DH363:DH383) | DI25: =SUM(DI363:DI383) | DJ25: =SUM(DJ363:DJ383) | DK25: =SUM(DK363:DK383) | DL25: =SUM(DL363:DL383) | DM25: =SUM(DM363:DM383) | DN25: =SUM(DN363:DN383) | DO25: =SUM(DO363:DO383) | ... FC25: =SUM(FC363:FC383) | FE25: =SUM(FE363:FE383) | FF25: =SUM(FF363:FF383) | FG25: =SUM(FG363:FG383) | FH25: =SUM(FH363:FH383) | FI25: =SUM(FI363:FI383) | FJ25: =SUM(FJ363:FJ383) | FK25: =SUM(FK363:FK383) | FL25: =SUM(FL363:FL383) | ... GZ25: =SUM(GZ363:GZ383)
A26: Sun / Antares | B26: 1.33 | C26: 94.22 | D26: 62.076723 | E26: 24.145677 | N26: =SUM(N390:N396) | O26: =SUM(O390:O396) | P26: =SUM(P390:P396) | Q26: =SUM(Q390:Q396) | R26: =SUM(R390:R396) | S26: =SUM(S390:S396) | T26: =SUM(T390:T396) | U26: =SUM(U390:U396) | ... BI26: =SUM(BI390:BI396) | BK26: =SUM(BK390:BK396) | BL26: =SUM(BL390:BL396) | BM26: =SUM(BM390:BM396) | BN26: =SUM(BN390:BN396) | BO26: =SUM(BO390:BO396) | BP26: =SUM(BP390:BP396) | BQ26: =SUM(BQ390:BQ396) | BR26: =SUM(BR390:BR396) | ... DF26: =SUM(DF390:DF396) | DH26: =SUM(DH390:DH396) | DI26: =SUM(DI390:DI396) | DJ26: =SUM(DJ390:DJ396) | DK26: =SUM(DK390:DK396) | DL26: =SUM(DL390:DL396) | DM26: =SUM(DM390:DM396) | DN26: =SUM(DN390:DN396) | DO26: =SUM(DO390:DO396) | ... FC26: =SUM(FC390:FC396) | FE26: =SUM(FE390:FE396) | FF26: =SUM(FF390:FF396) | FG26: =SUM(FG390:FG396) | FH26: =SUM(FH390:FH396) | FI26: =SUM(FI390:FI396) | FJ26: =SUM(FJ390:FJ396) | FK26: =SUM(FK390:FK396) | FL26: =SUM(FL390:FL396) | ... GZ26: =SUM(GZ390:GZ396)
A27: Pallas / Betelgeuse | B27: 94.21 | C27: 10.18 | D27: 144.49913 | E27: 1.876413 | N27: =SUM(N398:N405) | O27: =SUM(O398:O405) | P27: =SUM(P398:P405) | Q27: =SUM(Q398:Q405) | R27: =SUM(R398:R405) | S27: =SUM(S398:S405) | T27: =SUM(T398:T405) | U27: =SUM(U398:U405) | ... BI27: =SUM(BI398:BI405) | BK27: =SUM(BK398:BK405) | BL27: =SUM(BL398:BL405) | BM27: =SUM(BM398:BM405) | BN27: =SUM(BN398:BN405) | BO27: =SUM(BO398:BO405) | BP27: =SUM(BP398:BP405) | BQ27: =SUM(BQ398:BQ405) | BR27: =SUM(BR398:BR405) | ... DF27: =SUM(DF398:DF405) | DH27: =SUM(DH398:DH405) | DI27: =SUM(DI398:DI405) | DJ27: =SUM(DJ398:DJ405) | DK27: =SUM(DK398:DK405) | DL27: =SUM(DL398:DL405) | DM27: =SUM(DM398:DM405) | DN27: =SUM(DN398:DN405) | DO27: =SUM(DO398:DO405) | ... FC27: =SUM(FC398:FC405) | FE27: =SUM(FE398:FE405) | FF27: =SUM(FF398:FF405) | FG27: =SUM(FG398:FG405) | FH27: =SUM(FH398:FH405) | FI27: =SUM(FI398:FI405) | FJ27: =SUM(FJ398:FJ405) | FK27: =SUM(FK398:FK405) | FL27: =SUM(FL398:FL405) | ... GZ27: =SUM(GZ398:GZ405)
A28: Neptune / Bellatrix | B28: 94.21 | D28: 144.38975 | E28: 27.024514 | N28: =SUM(N407:N417) | O28: =SUM(O407:O417) | P28: =SUM(P407:P417) | Q28: =SUM(Q407:Q417) | R28: =SUM(R407:R417) | S28: =SUM(S407:S417) | T28: =SUM(T407:T417) | U28: =SUM(U407:U417) | ... BI28: =SUM(BI407:BI417) | BK28: =SUM(BK407:BK417) | BL28: =SUM(BL407:BL417) | BM28: =SUM(BM407:BM417) | BN28: =SUM(BN407:BN417) | BO28: =SUM(BO407:BO417) | BP28: =SUM(BP407:BP417) | BQ28: =SUM(BQ407:BQ417) | BR28: =SUM(BR407:BR417) | ... DF28: =SUM(DF407:DF417) | DH28: =SUM(DH407:DH417) | DI28: =SUM(DI407:DI417) | DJ28: =SUM(DJ407:DJ417) | DK28: =SUM(DK407:DK417) | DL28: =SUM(DL407:DL417) | DM28: =SUM(DM407:DM417) | DN28: =SUM(DN407:DN417) | DO28: =SUM(DO407:DO417) | ... FC28: =SUM(FC407:FC417) | FE28: =SUM(FE407:FE417) | FF28: =SUM(FF407:FF417) | FG28: =SUM(FG407:FG417) | FH28: =SUM(FH407:FH417) | FI28: =SUM(FI407:FI417) | FJ28: =SUM(FJ407:FJ417) | FK28: =SUM(FK407:FK417) | FL28: =SUM(FL407:FL417) | ... GZ28: =SUM(GZ407:GZ417)
A29: Vesta / Procyon | B29: 43.68 | C29: 93.96 | D29: 133.80264 | E29: 26.176325 | N29: =SUM(N419:N425) | O29: =SUM(O419:O425) | P29: =SUM(P419:P425) | Q29: =SUM(Q419:Q425) | R29: =SUM(R419:R425) | S29: =SUM(S419:S425) | T29: =SUM(T419:T425) | U29: =SUM(U419:U425) | ... BI29: =SUM(BI419:BI425) | BK29: =SUM(BK419:BK425) | BL29: =SUM(BL419:BL425) | BM29: =SUM(BM419:BM425) | BN29: =SUM(BN419:BN425) | BO29: =SUM(BO419:BO425) | BP29: =SUM(BP419:BP425) | BQ29: =SUM(BQ419:BQ425) | BR29: =SUM(BR419:BR425) | ... DF29: =SUM(DF419:DF425) | DH29: =SUM(DH419:DH425) | DI29: =SUM(DI419:DI425) | DJ29: =SUM(DJ419:DJ425) | DK29: =SUM(DK419:DK425) | DL29: =SUM(DL419:DL425) | DM29: =SUM(DM419:DM425) | DN29: =SUM(DN419:DN425) | DO29: =SUM(DO419:DO425) | ... FC29: =SUM(FC419:FC425) | FE29: =SUM(FE419:FE425) | FF29: =SUM(FF419:FF425) | FG29: =SUM(FG419:FG425) | FH29: =SUM(FH419:FH425) | FI29: =SUM(FI419:FI425) | FJ29: =SUM(FJ419:FJ425) | FK29: =SUM(FK419:FK425) | FL29: =SUM(FL419:FL425) | ... GZ29: =SUM(GZ419:GZ425)
A30: Ceres / Betelgeuse | B30: 93.95 | D30: 164.04964 | E30: 32.145304 | N30: =SUM(N427:N430) | O30: =SUM(O427:O430) | P30: =SUM(P427:P430) | Q30: =SUM(Q427:Q430) | R30: =SUM(R427:R430) | S30: =SUM(S427:S430) | T30: =SUM(T427:T430) | U30: =SUM(U427:U430) | ... BI30: =SUM(BI427:BI430) | BK30: =SUM(BK427:BK430) | BL30: =SUM(BL427:BL430) | BM30: =SUM(BM427:BM430) | BN30: =SUM(BN427:BN430) | BO30: =SUM(BO427:BO430) | BP30: =SUM(BP427:BP430) | BQ30: =SUM(BQ427:BQ430) | BR30: =SUM(BR427:BR430) | ... DF30: =SUM(DF427:DF430) | DH30: =SUM(DH427:DH430) | DI30: =SUM(DI427:DI430) | DJ30: =SUM(DJ427:DJ430) | DK30: =SUM(DK427:DK430) | DL30: =SUM(DL427:DL430) | DM30: =SUM(DM427:DM430) | DN30: =SUM(DN427:DN430) | DO30: =SUM(DO427:DO430) | ... FC30: =SUM(FC427:FC430) | FE30: =SUM(FE427:FE430) | FF30: =SUM(FF427:FF430) | FG30: =SUM(FG427:FG430) | FH30: =SUM(FH427:FH430) | FI30: =SUM(FI427:FI430) | FJ30: =SUM(FJ427:FJ430) | FK30: =SUM(FK427:FK430) | FL30: =SUM(FL427:FL430) | ... GZ30: =SUM(GZ427:GZ430)
A31: Ceres / Polaris | C31: 93.88 | D31: 145.44908 | E31: 114.00062 | N31: =SUM(N432:N438) | O31: =SUM(O432:O438) | P31: =SUM(P432:P438) | Q31: =SUM(Q432:Q438) | R31: =SUM(R432:R438) | S31: =SUM(S432:S438) | T31: =SUM(T432:T438) | U31: =SUM(U432:U438) | ... BI31: =SUM(BI432:BI438) | BK31: =SUM(BK432:BK438) | BL31: =SUM(BL432:BL438) | BM31: =SUM(BM432:BM438) | BN31: =SUM(BN432:BN438) | BO31: =SUM(BO432:BO438) | BP31: =SUM(BP432:BP438) | BQ31: =SUM(BQ432:BQ438) | BR31: =SUM(BR432:BR438) | ... DF31: =SUM(DF432:DF438) | DH31: =SUM(DH432:DH438) | DI31: =SUM(DI432:DI438) | DJ31: =SUM(DJ432:DJ438) | DK31: =SUM(DK432:DK438) | DL31: =SUM(DL432:DL438) | DM31: =SUM(DM432:DM438) | DN31: =SUM(DN432:DN438) | DO31: =SUM(DO432:DO438) | ... FC31: =SUM(FC432:FC438) | FE31: =SUM(FE432:FE438) | FF31: =SUM(FF432:FF438) | FG31: =SUM(FG432:FG438) | FH31: =SUM(FH432:FH438) | FI31: =SUM(FI432:FI438) | FJ31: =SUM(FJ432:FJ438) | FK31: =SUM(FK432:FK438) | FL31: =SUM(FL432:FL438) | ... GZ31: =SUM(GZ432:GZ438)
A32: Mercury / Uranus | B32: 93.2 | D32: 132.78342 | E32: 25.062552 | N32: =SUM(N440:N460) | O32: =SUM(O440:O460) | P32: =SUM(P440:P460) | Q32: =SUM(Q440:Q460) | R32: =SUM(R440:R460) | S32: =SUM(S440:S460) | T32: =SUM(T440:T460) | U32: =SUM(U440:U460) | ... BI32: =SUM(BI440:BI460) | BK32: =SUM(BK440:BK460) | BL32: =SUM(BL440:BL460) | BM32: =SUM(BM440:BM460) | BN32: =SUM(BN440:BN460) | BO32: =SUM(BO440:BO460) | BP32: =SUM(BP440:BP460) | BQ32: =SUM(BQ440:BQ460) | BR32: =SUM(BR440:BR460) | ... DF32: =SUM(DF440:DF460) | DH32: =SUM(DH440:DH460) | DI32: =SUM(DI440:DI460) | DJ32: =SUM(DJ440:DJ460) | DK32: =SUM(DK440:DK460) | DL32: =SUM(DL440:DL460) | DM32: =SUM(DM440:DM460) | DN32: =SUM(DN440:DN460) | DO32: =SUM(DO440:DO460) | ... FC32: =SUM(FC440:FC460) | FE32: =SUM(FE440:FE460) | FF32: =SUM(FF440:FF460) | FG32: =SUM(FG440:FG460) | FH32: =SUM(FH440:FH460) | FI32: =SUM(FI440:FI460) | FJ32: =SUM(FJ440:FJ460) | FK32: =SUM(FK440:FK460) | FL32: =SUM(FL440:FL460) | ... GZ32: =SUM(GZ440:GZ460)
A33: Ketu / Sun | B33: 92.54 | D33: 177.87312 | E33: 5.479187 | N33: =SUM(N462:N485) | O33: =SUM(O462:O485) | P33: =SUM(P462:P485) | Q33: =SUM(Q462:Q485) | R33: =SUM(R462:R485) | S33: =SUM(S462:S485) | T33: =SUM(T462:T485) | U33: =SUM(U462:U485) | ... BI33: =SUM(BI462:BI485) | BK33: =SUM(BK462:BK485) | BL33: =SUM(BL462:BL485) | BM33: =SUM(BM462:BM485) | BN33: =SUM(BN462:BN485) | BO33: =SUM(BO462:BO485) | BP33: =SUM(BP462:BP485) | BQ33: =SUM(BQ462:BQ485) | BR33: =SUM(BR462:BR485) | ... DF33: =SUM(DF462:DF485) | DH33: =SUM(DH462:DH485) | DI33: =SUM(DI462:DI485) | DJ33: =SUM(DJ462:DJ485) | DK33: =SUM(DK462:DK485) | DL33: =SUM(DL462:DL485) | DM33: =SUM(DM462:DM485) | DN33: =SUM(DN462:DN485) | DO33: =SUM(DO462:DO485) | ... FC33: =SUM(FC462:FC485) | FE33: =SUM(FE462:FE485) | FF33: =SUM(FF462:FF485) | FG33: =SUM(FG462:FG485) | FH33: =SUM(FH462:FH485) | FI33: =SUM(FI462:FI485) | FJ33: =SUM(FJ462:FJ485) | FK33: =SUM(FK462:FK485) | FL33: =SUM(FL462:FL485) | ... GZ33: =SUM(GZ462:GZ485)
A34: Eris / Sedna | B34: 91.31 | C34: 34.34 | D34: 22.228498 | E34: 12.716213 | N34: =SUM(N500:N528) | O34: =SUM(O500:O528) | P34: =SUM(P500:P528) | Q34: =SUM(Q500:Q528) | R34: =SUM(R500:R528) | S34: =SUM(S500:S528) | T34: =SUM(T500:T528) | U34: =SUM(U500:U528) | ... BI34: =SUM(BI500:BI528) | BK34: =SUM(BK500:BK528) | BL34: =SUM(BL500:BL528) | BM34: =SUM(BM500:BM528) | BN34: =SUM(BN500:BN528) | BO34: =SUM(BO500:BO528) | BP34: =SUM(BP500:BP528) | BQ34: =SUM(BQ500:BQ528) | BR34: =SUM(BR500:BR528) | ... DF34: =SUM(DF500:DF528) | DH34: =SUM(DH500:DH528) | DI34: =SUM(DI500:DI528) | DJ34: =SUM(DJ500:DJ528) | DK34: =SUM(DK500:DK528) | DL34: =SUM(DL500:DL528) | DM34: =SUM(DM500:DM528) | DN34: =SUM(DN500:DN528) | DO34: =SUM(DO500:DO528) | ... FC34: =SUM(FC500:FC528) | FE34: =SUM(FE500:FE528) | FF34: =SUM(FF500:FF528) | FG34: =SUM(FG500:FG528) | FH34: =SUM(FH500:FH528) | FI34: =SUM(FI500:FI528) | FJ34: =SUM(FJ500:FJ528) | FK34: =SUM(FK500:FK528) | FL34: =SUM(FL500:FL528) | ... GZ34: =SUM(GZ500:GZ528)
A35: Saturn / Sedna | B35: 91 | D35: 41.000921 | E35: 5.733292 | N35: =SUM(N530:N552) | O35: =SUM(O530:O552) | P35: =SUM(P530:P552) | Q35: =SUM(Q530:Q552) | R35: =SUM(R530:R552) | S35: =SUM(S530:S552) | T35: =SUM(T530:T552) | U35: =SUM(U530:U552) | ... BI35: =SUM(BI530:BI552) | BK35: =SUM(BK530:BK552) | BL35: =SUM(BL530:BL552) | BM35: =SUM(BM530:BM552) | BN35: =SUM(BN530:BN552) | BO35: =SUM(BO530:BO552) | BP35: =SUM(BP530:BP552) | BQ35: =SUM(BQ530:BQ552) | BR35: =SUM(BR530:BR552) | ... DF35: =SUM(DF530:DF552) | DH35: =SUM(DH530:DH552) | DI35: =SUM(DI530:DI552) | DJ35: =SUM(DJ530:DJ552) | DK35: =SUM(DK530:DK552) | DL35: =SUM(DL530:DL552) | DM35: =SUM(DM530:DM552) | DN35: =SUM(DN530:DN552) | DO35: =SUM(DO530:DO552) | ... FC35: =SUM(FC530:FC552) | FE35: =SUM(FE530:FE552) | FF35: =SUM(FF530:FF552) | FG35: =SUM(FG530:FG552) | FH35: =SUM(FH530:FH552) | FI35: =SUM(FI530:FI552) | FJ35: =SUM(FJ530:FJ552) | FK35: =SUM(FK530:FK552) | FL35: =SUM(FL530:FL552) | ... GZ35: =SUM(GZ530:GZ552)
A36: Juno / Jupiter | C36: 90.46 | D36: 96.098333 | E36: 21.036025 | N36: =SUM(N554:N563) | O36: =SUM(O554:O563) | P36: =SUM(P554:P563) | Q36: =SUM(Q554:Q563) | R36: =SUM(R554:R563) | S36: =SUM(S554:S563) | T36: =SUM(T554:T563) | U36: =SUM(U554:U563) | ... BI36: =SUM(BI554:BI563) | BK36: =SUM(BK554:BK563) | BL36: =SUM(BL554:BL563) | BM36: =SUM(BM554:BM563) | BN36: =SUM(BN554:BN563) | BO36: =SUM(BO554:BO563) | BP36: =SUM(BP554:BP563) | BQ36: =SUM(BQ554:BQ563) | BR36: =SUM(BR554:BR563) | ... DF36: =SUM(DF554:DF563) | DH36: =SUM(DH554:DH563) | DI36: =SUM(DI554:DI563) | DJ36: =SUM(DJ554:DJ563) | DK36: =SUM(DK554:DK563) | DL36: =SUM(DL554:DL563) | DM36: =SUM(DM554:DM563) | DN36: =SUM(DN554:DN563) | DO36: =SUM(DO554:DO563) | ... FC36: =SUM(FC554:FC563) | FE36: =SUM(FE554:FE563) | FF36: =SUM(FF554:FF563) | FG36: =SUM(FG554:FG563) | FH36: =SUM(FH554:FH563) | FI36: =SUM(FI554:FI563) | FJ36: =SUM(FJ554:FJ563) | FK36: =SUM(FK554:FK563) | FL36: =SUM(FL554:FL563) | ... GZ36: =SUM(GZ554:GZ563)
A37: Neptune / Sun | B37: 16.39 | C37: 90.15 | D37: 111.62207 | E37: 18.386206 | N37: 0 | O37: 0 | P37: 0 | Q37: 0 | R37: 0 | S37: 0 | T37: 0 | U37: 0 | V37: 0 | W37: 0 | X37: 0 | Y37: 0 | Z37: 0 | AA37: 0 | AB37: 0 | AC37: 0 | AD37: 0 | AE37: 0 | AF37: 0 | AG37: 0 | AH37: 0 | AI37: 0 | AJ37: 0 | AK37: 0 | AL37: 0 | AM37: 0 | AN37: 0 | AO37: 0 | AP37: 0 | AQ37: 0 | AR37: 0 | AS37: 0 | AT37: 0 | AU37: 0 | AV37: 0 | AW37: 0 | AX37: 0 | AY37: 0 | AZ37: 0 | BA37: 0 | BB37: 0 | BC37: 0 | BD37: 0 | BE37: 0 | BF37: 0 | BG37: 0 | BH37: 0 | BI37: 0 | BK37: 0 | BL37: 0 | BM37: 0 | BN37: 0 | BO37: 0 | BP37: 0 | BQ37: 0 | BR37: 0 | BS37: 0 | BT37: 0 | BU37: 0 | BV37: 0 | BW37: 0 | BX37: 0 | BY37: 0 | BZ37: 0 | CA37: 0 | CB37: 0 | CC37: 0 | CD37: 0 | CE37: 0 | CF37: 0 | CG37: 0 | CH37: 0 | CI37: 0 | CJ37: 0 | CK37: 0 | CL37: 0 | CM37: 0 | CN37: 0 | CO37: 0 | CP37: 0 | CQ37: 0 | CR37: 0 | CS37: 0 | CT37: 0 | CU37: 0 | CV37: 0 | CW37: 0 | CX37: 0 | CY37: 0 | CZ37: 0 | DA37: 0 | DB37: 0 | DC37: 0 | DD37: 0 | DE37: 0 | DF37: 0 | DH37: 0 | DI37: 0 | DJ37: 0 | DK37: 0 | DL37: 0 | DM37: 0 | DN37: 0 | DO37: 0 | DP37: 0 | DQ37: 0 | DR37: 0 | DS37: 0 | DT37: 0 | DU37: 0 | DV37: 0 | DW37: 0 | DX37: 0 | DY37: 0 | DZ37: 0 | EA37: 0 | EB37: 0 | EC37: 0 | ED37: 0 | EE37: 0 | EF37: 0 | EG37: 0 | EH37: 0 | EI37: 0 | EJ37: 0 | EK37: 0 | EL37: 0 | EM37: 0 | EN37: 0 | EO37: 0 | EP37: 0 | EQ37: 0 | ER37: 0 | ES37: 0 | ET37: 0 | EU37: 0 | EV37: 0 | EW37: 0 | EX37: 0 | EY37: 0 | EZ37: 0 | FA37: 0 | FB37: 0 | FC37: 0 | FE37: 0 | FF37: 0 | FG37: 0 | FH37: 0 | FI37: 0 | FJ37: 0 | FK37: 0 | FL37: 0 | FM37: 0 | FN37: 0 | FO37: 0 | FP37: 0 | FQ37: 0 | FR37: 0 | FS37: 0 | FT37: 0 | FU37: 0 | FV37: 0 | FW37: 0 | FX37: 0 | FY37: 0 | FZ37: 0 | GA37: 0 | GB37: 0 | GC37: 0 | GD37: 0 | GE37: 0 | GF37: 0 | GG37: 0 | GH37: 0 | GI37: 0 | GJ37: 0 | GK37: 0 | GL37: 0 | GM37: 0 | GN37: 0 | GO37: 0 | GP37: 0 | GQ37: 0 | GR37: 0 | GS37: 0 | GT37: 0 | GU37: 0 | GV37: 0 | GW37: 0 | GX37: 0 | GY37: 0 | GZ37: 0
A38: Chiron / Procyon | C38: 89.75 | D38: 81.557318 | E38: 13.341876 | N38: =SUM(N608:N617) | O38: =SUM(O608:O617) | P38: =SUM(P608:P617) | Q38: =SUM(Q608:Q617) | R38: =SUM(R608:R617) | S38: =SUM(S608:S617) | T38: =SUM(T608:T617) | U38: =SUM(U608:U617) | ... BI38: =SUM(BI608:BI617) | BK38: =SUM(BK608:BK617) | BL38: =SUM(BL608:BL617) | BM38: =SUM(BM608:BM617) | BN38: =SUM(BN608:BN617) | BO38: =SUM(BO608:BO617) | BP38: =SUM(BP608:BP617) | BQ38: =SUM(BQ608:BQ617) | BR38: =SUM(BR608:BR617) | ... DF38: =SUM(DF608:DF617) | DH38: =SUM(DH608:DH617) | DI38: =SUM(DI608:DI617) | DJ38: =SUM(DJ608:DJ617) | DK38: =SUM(DK608:DK617) | DL38: =SUM(DL608:DL617) | DM38: =SUM(DM608:DM617) | DN38: =SUM(DN608:DN617) | DO38: =SUM(DO608:DO617) | ... FC38: =SUM(FC608:FC617) | FE38: =SUM(FE608:FE617) | FF38: =SUM(FF608:FF617) | FG38: =SUM(FG608:FG617) | FH38: =SUM(FH608:FH617) | FI38: =SUM(FI608:FI617) | FJ38: =SUM(FJ608:FJ617) | FK38: =SUM(FK608:FK617) | FL38: =SUM(FL608:FL617) | ... GZ38: =SUM(GZ608:GZ617)
A39: Vesta / Sirius | C39: 88.73 | D39: 147.34015 | E39: 4.237519 | N39: =SUM(N619:N628) | O39: =SUM(O619:O628) | P39: =SUM(P619:P628) | Q39: =SUM(Q619:Q628) | R39: =SUM(R619:R628) | S39: =SUM(S619:S628) | T39: =SUM(T619:T628) | U39: =SUM(U619:U628) | ... BI39: =SUM(BI619:BI628) | BK39: =SUM(BK619:BK628) | BL39: =SUM(BL619:BL628) | BM39: =SUM(BM619:BM628) | BN39: =SUM(BN619:BN628) | BO39: =SUM(BO619:BO628) | BP39: =SUM(BP619:BP628) | BQ39: =SUM(BQ619:BQ628) | BR39: =SUM(BR619:BR628) | ... DF39: =SUM(DF619:DF628) | DH39: =SUM(DH619:DH628) | DI39: =SUM(DI619:DI628) | DJ39: =SUM(DJ619:DJ628) | DK39: =SUM(DK619:DK628) | DL39: =SUM(DL619:DL628) | DM39: =SUM(DM619:DM628) | DN39: =SUM(DN619:DN628) | DO39: =SUM(DO619:DO628) | ... FC39: =SUM(FC619:FC628) | FE39: =SUM(FE619:FE628) | FF39: =SUM(FF619:FF628) | FG39: =SUM(FG619:FG628) | FH39: =SUM(FH619:FH628) | FI39: =SUM(FI619:FI628) | FJ39: =SUM(FJ619:FJ628) | FK39: =SUM(FK619:FK628) | FL39: =SUM(FL619:FL628) | ... GZ39: =SUM(GZ619:GZ628)
A40: Eris / Spica | B40: 88.3 | D40: 177.92732 | E40: 3.311191 | N40: =SUM(N630:N636) | O40: =SUM(O630:O636) | P40: =SUM(P630:P636) | Q40: =SUM(Q630:Q636) | R40: =SUM(R630:R636) | S40: =SUM(S630:S636) | T40: =SUM(T630:T636) | U40: =SUM(U630:U636) | ... BI40: =SUM(BI630:BI636) | BK40: =SUM(BK630:BK636) | BL40: =SUM(BL630:BL636) | BM40: =SUM(BM630:BM636) | BN40: =SUM(BN630:BN636) | BO40: =SUM(BO630:BO636) | BP40: =SUM(BP630:BP636) | BQ40: =SUM(BQ630:BQ636) | BR40: =SUM(BR630:BR636) | ... DF40: =SUM(DF630:DF636) | DH40: =SUM(DH630:DH636) | DI40: =SUM(DI630:DI636) | DJ40: =SUM(DJ630:DJ636) | DK40: =SUM(DK630:DK636) | DL40: =SUM(DL630:DL636) | DM40: =SUM(DM630:DM636) | DN40: =SUM(DN630:DN636) | DO40: =SUM(DO630:DO636) | ... FC40: =SUM(FC630:FC636) | FE40: =SUM(FE630:FE636) | FF40: =SUM(FF630:FF636) | FG40: =SUM(FG630:FG636) | FH40: =SUM(FH630:FH636) | FI40: =SUM(FI630:FI636) | FJ40: =SUM(FJ630:FJ636) | FK40: =SUM(FK630:FK636) | FL40: =SUM(FL630:FL636) | ... GZ40: =SUM(GZ630:GZ636)
A41: Neptune / Procyon | B41: 87.99 | C41: 44.32 | D41: 177.93119 | E41: 25.89936 | N41: =SUM(N646:N657) | O41: =SUM(O646:O657) | P41: =SUM(P646:P657) | Q41: =SUM(Q646:Q657) | R41: =SUM(R646:R657) | S41: =SUM(S646:S657) | T41: =SUM(T646:T657) | U41: =SUM(U646:U657) | ... BI41: =SUM(BI646:BI657) | BK41: =SUM(BK646:BK657) | BL41: =SUM(BL646:BL657) | BM41: =SUM(BM646:BM657) | BN41: =SUM(BN646:BN657) | BO41: =SUM(BO646:BO657) | BP41: =SUM(BP646:BP657) | BQ41: =SUM(BQ646:BQ657) | BR41: =SUM(BR646:BR657) | ... DF41: =SUM(DF646:DF657) | DH41: =SUM(DH646:DH657) | DI41: =SUM(DI646:DI657) | DJ41: =SUM(DJ646:DJ657) | DK41: =SUM(DK646:DK657) | DL41: =SUM(DL646:DL657) | DM41: =SUM(DM646:DM657) | DN41: =SUM(DN646:DN657) | DO41: =SUM(DO646:DO657) | ... FC41: =SUM(FC646:FC657) | FE41: =SUM(FE646:FE657) | FF41: =SUM(FF646:FF657) | FG41: =SUM(FG646:FG657) | FH41: =SUM(FH646:FH657) | FI41: =SUM(FI646:FI657) | FJ41: =SUM(FJ646:FJ657) | FK41: =SUM(FK646:FK657) | FL41: =SUM(FL646:FL657) | ... GZ41: =SUM(GZ646:GZ657)
A42: Haumea / Deneb Algedi | B42: 87.44 | D42: 133.43799 | E42: 37.404116 | N42: =SUM(N659:N665) | O42: =SUM(O659:O665) | P42: =SUM(P659:P665) | Q42: =SUM(Q659:Q665) | R42: =SUM(R659:R665) | S42: =SUM(S659:S665) | T42: =SUM(T659:T665) | U42: =SUM(U659:U665) | ... BI42: =SUM(BI659:BI665) | BK42: =SUM(BK659:BK665) | BL42: =SUM(BL659:BL665) | BM42: =SUM(BM659:BM665) | BN42: =SUM(BN659:BN665) | BO42: =SUM(BO659:BO665) | BP42: =SUM(BP659:BP665) | BQ42: =SUM(BQ659:BQ665) | BR42: =SUM(BR659:BR665) | ... DF42: =SUM(DF659:DF665) | DH42: =SUM(DH659:DH665) | DI42: =SUM(DI659:DI665) | DJ42: =SUM(DJ659:DJ665) | DK42: =SUM(DK659:DK665) | DL42: =SUM(DL659:DL665) | DM42: =SUM(DM659:DM665) | DN42: =SUM(DN659:DN665) | DO42: =SUM(DO659:DO665) | ... FC42: =SUM(FC659:FC665) | FE42: =SUM(FE659:FE665) | FF42: =SUM(FF659:FF665) | FG42: =SUM(FG659:FG665) | FH42: =SUM(FH659:FH665) | FI42: =SUM(FI659:FI665) | FJ42: =SUM(FJ659:FJ665) | FK42: =SUM(FK659:FK665) | FL42: =SUM(FL659:FL665) | ... GZ42: =SUM(GZ659:GZ665)
A43: Sun / Capella | C43: 86.57 | D43: 106.09805 | E43: 48.280913 | N43: =SUM(N667:N683) | O43: =SUM(O667:O683) | P43: =SUM(P667:P683) | Q43: =SUM(Q667:Q683) | R43: =SUM(R667:R683) | S43: =SUM(S667:S683) | T43: =SUM(T667:T683) | U43: =SUM(U667:U683) | ... BI43: =SUM(BI667:BI683) | BK43: =SUM(BK667:BK683) | BL43: =SUM(BL667:BL683) | BM43: =SUM(BM667:BM683) | BN43: =SUM(BN667:BN683) | BO43: =SUM(BO667:BO683) | BP43: =SUM(BP667:BP683) | BQ43: =SUM(BQ667:BQ683) | BR43: =SUM(BR667:BR683) | ... DF43: =SUM(DF667:DF683) | DH43: =SUM(DH667:DH683) | DI43: =SUM(DI667:DI683) | DJ43: =SUM(DJ667:DJ683) | DK43: =SUM(DK667:DK683) | DL43: =SUM(DL667:DL683) | DM43: =SUM(DM667:DM683) | DN43: =SUM(DN667:DN683) | DO43: =SUM(DO667:DO683) | ... FC43: =SUM(FC667:FC683) | FE43: =SUM(FE667:FE683) | FF43: =SUM(FF667:FF683) | FG43: =SUM(FG667:FG683) | FH43: =SUM(FH667:FH683) | FI43: =SUM(FI667:FI683) | FJ43: =SUM(FJ667:FJ683) | FK43: =SUM(FK667:FK683) | FL43: =SUM(FL667:FL683) | ... GZ43: =SUM(GZ667:GZ683)
A44: Sedna / Spica | B44: 86.43 | D44: 155.69882 | E44: 16.027404 | N44: =SUM(N693:N699) | O44: =SUM(O693:O699) | P44: =SUM(P693:P699) | Q44: =SUM(Q693:Q699) | R44: =SUM(R693:R699) | S44: =SUM(S693:S699) | T44: =SUM(T693:T699) | U44: =SUM(U693:U699) | ... BI44: =SUM(BI693:BI699) | BK44: =SUM(BK693:BK699) | BL44: =SUM(BL693:BL699) | BM44: =SUM(BM693:BM699) | BN44: =SUM(BN693:BN699) | BO44: =SUM(BO693:BO699) | BP44: =SUM(BP693:BP699) | BQ44: =SUM(BQ693:BQ699) | BR44: =SUM(BR693:BR699) | ... DF44: =SUM(DF693:DF699) | DH44: =SUM(DH693:DH699) | DI44: =SUM(DI693:DI699) | DJ44: =SUM(DJ693:DJ699) | DK44: =SUM(DK693:DK699) | DL44: =SUM(DL693:DL699) | DM44: =SUM(DM693:DM699) | DN44: =SUM(DN693:DN699) | DO44: =SUM(DO693:DO699) | ... FC44: =SUM(FC693:FC699) | FE44: =SUM(FE693:FE699) | FF44: =SUM(FF693:FF699) | FG44: =SUM(FG693:FG699) | FH44: =SUM(FH693:FH699) | FI44: =SUM(FI693:FI699) | FJ44: =SUM(FJ693:FJ699) | FK44: =SUM(FK693:FK699) | FL44: =SUM(FL693:FL699) | ... GZ44: =SUM(GZ693:GZ699)
A45: Venus / Procyon | B45: 86.1 | D45: 31.114737 | E45: 8.335492 | N45: =SUM(N701:N710) | O45: =SUM(O701:O710) | P45: =SUM(P701:P710) | Q45: =SUM(Q701:Q710) | R45: =SUM(R701:R710) | S45: =SUM(S701:S710) | T45: =SUM(T701:T710) | U45: =SUM(U701:U710) | ... BI45: =SUM(BI701:BI710) | BK45: =SUM(BK701:BK710) | BL45: =SUM(BL701:BL710) | BM45: =SUM(BM701:BM710) | BN45: =SUM(BN701:BN710) | BO45: =SUM(BO701:BO710) | BP45: =SUM(BP701:BP710) | BQ45: =SUM(BQ701:BQ710) | BR45: =SUM(BR701:BR710) | ... DF45: =SUM(DF701:DF710) | DH45: =SUM(DH701:DH710) | DI45: =SUM(DI701:DI710) | DJ45: =SUM(DJ701:DJ710) | DK45: =SUM(DK701:DK710) | DL45: =SUM(DL701:DL710) | DM45: =SUM(DM701:DM710) | DN45: =SUM(DN701:DN710) | DO45: =SUM(DO701:DO710) | ... FC45: =SUM(FC701:FC710) | FE45: =SUM(FE701:FE710) | FF45: =SUM(FF701:FF710) | FG45: =SUM(FG701:FG710) | FH45: =SUM(FH701:FH710) | FI45: =SUM(FI701:FI710) | FJ45: =SUM(FJ701:FJ710) | FK45: =SUM(FK701:FK710) | FL45: =SUM(FL701:FL710) | ... GZ45: =SUM(GZ701:GZ710)
A46: Rahu / Altair | B46: 34.94 | C46: 85.58 | D46: 110.29709 | E46: 12.067452 | N46: =SUM(N712:N727) | O46: =SUM(O712:O727) | P46: =SUM(P712:P727) | Q46: =SUM(Q712:Q727) | R46: =SUM(R712:R727) | S46: =SUM(S712:S727) | T46: =SUM(T712:T727) | U46: =SUM(U712:U727) | ... BI46: =SUM(BI712:BI727) | BK46: =SUM(BK712:BK727) | BL46: =SUM(BL712:BL727) | BM46: =SUM(BM712:BM727) | BN46: =SUM(BN712:BN727) | BO46: =SUM(BO712:BO727) | BP46: =SUM(BP712:BP727) | BQ46: =SUM(BQ712:BQ727) | BR46: =SUM(BR712:BR727) | ... DF46: =SUM(DF712:DF727) | DH46: =SUM(DH712:DH727) | DI46: =SUM(DI712:DI727) | DJ46: =SUM(DJ712:DJ727) | DK46: =SUM(DK712:DK727) | DL46: =SUM(DL712:DL727) | DM46: =SUM(DM712:DM727) | DN46: =SUM(DN712:DN727) | DO46: =SUM(DO712:DO727) | ... FC46: =SUM(FC712:FC727) | FE46: =SUM(FE712:FE727) | FF46: =SUM(FF712:FF727) | FG46: =SUM(FG712:FG727) | FH46: =SUM(FH712:FH727) | FI46: =SUM(FI712:FI727) | FJ46: =SUM(FJ712:FJ727) | FK46: =SUM(FK712:FK727) | FL46: =SUM(FL712:FL727) | ... GZ46: =SUM(GZ712:GZ727)
A47: Juno / Pallas | B47: 85.52 | D47: 142.44223 | E47: 11.617306 | N47: 0 | O47: 0 | P47: 0 | Q47: 0 | R47: 0 | S47: 0 | T47: 0 | U47: 0 | V47: 0 | W47: 0 | X47: 0 | Y47: 0 | Z47: 0 | AA47: 0 | AB47: 0 | AC47: 0 | AD47: 0 | AE47: 0 | AF47: 0 | AG47: 0 | AH47: 0 | AI47: 0 | AJ47: 0 | AK47: 0 | AL47: 0 | AM47: 0 | AN47: 0 | AO47: 0 | AP47: 0 | AQ47: 0 | AR47: 0 | AS47: 0 | AT47: 0 | AU47: 0 | AV47: 0 | AW47: 0 | AX47: 0 | AY47: 0 | AZ47: 0 | BA47: 0 | BB47: 0 | BC47: 0 | BD47: 0 | BE47: 0 | BF47: 0 | BG47: 0 | BH47: 0 | BI47: 0 | BK47: 0 | BL47: 0 | BM47: 0 | BN47: 0 | BO47: 0 | BP47: 0 | BQ47: 0 | BR47: 0 | BS47: 0 | BT47: 0 | BU47: 0 | BV47: 0 | BW47: 0 | BX47: 0 | BY47: 0 | BZ47: 0 | CA47: 0 | CB47: 0 | CC47: 0 | CD47: 0 | CE47: 0 | CF47: 0 | CG47: 0 | CH47: 0 | CI47: 0 | CJ47: 0 | CK47: 0 | CL47: 0 | CM47: 0 | CN47: 0 | CO47: 0 | CP47: 0 | CQ47: 0 | CR47: 0 | CS47: 0 | CT47: 0 | CU47: 0 | CV47: 0 | CW47: 0 | CX47: 0 | CY47: 0 | CZ47: 0 | DA47: 0 | DB47: 0 | DC47: 0 | DD47: 0 | DE47: 0 | DF47: 0 | DH47: 0 | DI47: 0 | DJ47: 0 | DK47: 0 | DL47: 0 | DM47: 0 | DN47: 0 | DO47: 0 | DP47: 0 | DQ47: 0 | DR47: 0 | DS47: 0 | DT47: 0 | DU47: 0 | DV47: 0 | DW47: 0 | DX47: 0 | DY47: 0 | DZ47: 0 | EA47: 0 | EB47: 0 | EC47: 0 | ED47: 0 | EE47: 0 | EF47: 0 | EG47: 0 | EH47: 0 | EI47: 0 | EJ47: 0 | EK47: 0 | EL47: 0 | EM47: 0 | EN47: 0 | EO47: 0 | EP47: 0 | EQ47: 0 | ER47: 0 | ES47: 0 | ET47: 0 | EU47: 0 | EV47: 0 | EW47: 0 | EX47: 0 | EY47: 0 | EZ47: 0 | FA47: 0 | FB47: 0 | FC47: 0 | FE47: 0 | FF47: 0 | FG47: 0 | FH47: 0 | FI47: 0 | FJ47: 0 | FK47: 0 | FL47: 0 | FM47: 0 | FN47: 0 | FO47: 0 | FP47: 0 | FQ47: 0 | FR47: 0 | FS47: 0 | FT47: 0 | FU47: 0 | FV47: 0 | FW47: 0 | FX47: 0 | FY47: 0 | FZ47: 0 | GA47: 0 | GB47: 0 | GC47: 0 | GD47: 0 | GE47: 0 | GF47: 0 | GG47: 0 | GH47: 0 | GI47: 0 | GJ47: 0 | GK47: 0 | GL47: 0 | GM47: 0 | GN47: 0 | GO47: 0 | GP47: 0 | GQ47: 0 | GR47: 0 | GS47: 0 | GT47: 0 | GU47: 0 | GV47: 0 | GW47: 0 | GX47: 0 | GY47: 0 | GZ47: 0
A48: Eris / Mars | B48: 85.48 | C48: 4.03 | D48: 111.02236 | E48: 26.284976 | N48: =SUM(N729:N746) | O48: =SUM(O729:O746) | P48: =SUM(P729:P746) | Q48: =SUM(Q729:Q746) | R48: =SUM(R729:R746) | S48: =SUM(S729:S746) | T48: =SUM(T729:T746) | U48: =SUM(U729:U746) | ... BI48: =SUM(BI729:BI746) | BK48: =SUM(BK729:BK746) | BL48: =SUM(BL729:BL746) | BM48: =SUM(BM729:BM746) | BN48: =SUM(BN729:BN746) | BO48: =SUM(BO729:BO746) | BP48: =SUM(BP729:BP746) | BQ48: =SUM(BQ729:BQ746) | BR48: =SUM(BR729:BR746) | ... DF48: =SUM(DF729:DF746) | DH48: =SUM(DH729:DH746) | DI48: =SUM(DI729:DI746) | DJ48: =SUM(DJ729:DJ746) | DK48: =SUM(DK729:DK746) | DL48: =SUM(DL729:DL746) | DM48: =SUM(DM729:DM746) | DN48: =SUM(DN729:DN746) | DO48: =SUM(DO729:DO746) | ... FC48: =SUM(FC729:FC746) | FE48: =SUM(FE729:FE746) | FF48: =SUM(FF729:FF746) | FG48: =SUM(FG729:FG746) | FH48: =SUM(FH729:FH746) | FI48: =SUM(FI729:FI746) | FJ48: =SUM(FJ729:FJ746) | FK48: =SUM(FK729:FK746) | FL48: =SUM(FL729:FL746) | ... GZ48: =SUM(GZ729:GZ746)
A49: Juno / Haumea | B49: 85.35 | D49: 177.59063 | E49: 23.609635 | N49: =SUM(N748:N764) | O49: =SUM(O748:O764) | P49: =SUM(P748:P764) | Q49: =SUM(Q748:Q764) | R49: =SUM(R748:R764) | S49: =SUM(S748:S764) | T49: =SUM(T748:T764) | U49: =SUM(U748:U764) | ... BI49: =SUM(BI748:BI764) | BK49: =SUM(BK748:BK764) | BL49: =SUM(BL748:BL764) | BM49: =SUM(BM748:BM764) | BN49: =SUM(BN748:BN764) | BO49: =SUM(BO748:BO764) | BP49: =SUM(BP748:BP764) | BQ49: =SUM(BQ748:BQ764) | BR49: =SUM(BR748:BR764) | ... DF49: =SUM(DF748:DF764) | DH49: =SUM(DH748:DH764) | DI49: =SUM(DI748:DI764) | DJ49: =SUM(DJ748:DJ764) | DK49: =SUM(DK748:DK764) | DL49: =SUM(DL748:DL764) | DM49: =SUM(DM748:DM764) | DN49: =SUM(DN748:DN764) | DO49: =SUM(DO748:DO764) | ... FC49: =SUM(FC748:FC764) | FE49: =SUM(FE748:FE764) | FF49: =SUM(FF748:FF764) | FG49: =SUM(FG748:FG764) | FH49: =SUM(FH748:FH764) | FI49: =SUM(FI748:FI764) | FJ49: =SUM(FJ748:FJ764) | FK49: =SUM(FK748:FK764) | FL49: =SUM(FL748:FL764) | ... GZ49: =SUM(GZ748:GZ764)
A50: Orcus / Arcturus | B50: 83.82 | D50: 77.798446 | E50: 18.738962 | N50: =SUM(N766:N792) | O50: =SUM(O766:O792) | P50: =SUM(P766:P792) | Q50: =SUM(Q766:Q792) | R50: =SUM(R766:R792) | S50: =SUM(S766:S792) | T50: =SUM(T766:T792) | U50: =SUM(U766:U792) | ... BI50: =SUM(BI766:BI792) | BK50: =SUM(BK766:BK792) | BL50: =SUM(BL766:BL792) | BM50: =SUM(BM766:BM792) | BN50: =SUM(BN766:BN792) | BO50: =SUM(BO766:BO792) | BP50: =SUM(BP766:BP792) | BQ50: =SUM(BQ766:BQ792) | BR50: =SUM(BR766:BR792) | ... DF50: =SUM(DF766:DF792) | DH50: =SUM(DH766:DH792) | DI50: =SUM(DI766:DI792) | DJ50: =SUM(DJ766:DJ792) | DK50: =SUM(DK766:DK792) | DL50: =SUM(DL766:DL792) | DM50: =SUM(DM766:DM792) | DN50: =SUM(DN766:DN792) | DO50: =SUM(DO766:DO792) | ... FC50: =SUM(FC766:FC792) | FE50: =SUM(FE766:FE792) | FF50: =SUM(FF766:FF792) | FG50: =SUM(FG766:FG792) | FH50: =SUM(FH766:FH792) | FI50: =SUM(FI766:FI792) | FJ50: =SUM(FJ766:FJ792) | FK50: =SUM(FK766:FK792) | FL50: =SUM(FL766:FL792) | ... GZ50: =SUM(GZ766:GZ792)
A51: Gonggong / Makemake | B51: 83.7 | D51: 154.50556 | E51: 51.145451 | N51: =SUM(N794:N801) | O51: =SUM(O794:O801) | P51: =SUM(P794:P801) | Q51: =SUM(Q794:Q801) | R51: =SUM(R794:R801) | S51: =SUM(S794:S801) | T51: =SUM(T794:T801) | U51: =SUM(U794:U801) | ... BI51: =SUM(BI794:BI801) | BK51: =SUM(BK794:BK801) | BL51: =SUM(BL794:BL801) | BM51: =SUM(BM794:BM801) | BN51: =SUM(BN794:BN801) | BO51: =SUM(BO794:BO801) | BP51: =SUM(BP794:BP801) | BQ51: =SUM(BQ794:BQ801) | BR51: =SUM(BR794:BR801) | ... DF51: =SUM(DF794:DF801) | DH51: =SUM(DH794:DH801) | DI51: =SUM(DI794:DI801) | DJ51: =SUM(DJ794:DJ801) | DK51: =SUM(DK794:DK801) | DL51: =SUM(DL794:DL801) | DM51: =SUM(DM794:DM801) | DN51: =SUM(DN794:DN801) | DO51: =SUM(DO794:DO801) | ... FC51: =SUM(FC794:FC801) | FE51: =SUM(FE794:FE801) | FF51: =SUM(FF794:FF801) | FG51: =SUM(FG794:FG801) | FH51: =SUM(FH794:FH801) | FI51: =SUM(FI794:FI801) | FJ51: =SUM(FJ794:FJ801) | FK51: =SUM(FK794:FK801) | FL51: =SUM(FL794:FL801) | ... GZ51: =SUM(GZ794:GZ801)
A52: Uranus / Regulus | B52: 82.74 | C52: 5.62 | D52: 151.00181 | E52: 32.548485 | N52: =SUM(N811:N831) | O52: =SUM(O811:O831) | P52: =SUM(P811:P831) | Q52: =SUM(Q811:Q831) | R52: =SUM(R811:R831) | S52: =SUM(S811:S831) | T52: =SUM(T811:T831) | U52: =SUM(U811:U831) | ... BI52: =SUM(BI811:BI831) | BK52: =SUM(BK811:BK831) | BL52: =SUM(BL811:BL831) | BM52: =SUM(BM811:BM831) | BN52: =SUM(BN811:BN831) | BO52: =SUM(BO811:BO831) | BP52: =SUM(BP811:BP831) | BQ52: =SUM(BQ811:BQ831) | BR52: =SUM(BR811:BR831) | ... DF52: =SUM(DF811:DF831) | DH52: =SUM(DH811:DH831) | DI52: =SUM(DI811:DI831) | DJ52: =SUM(DJ811:DJ831) | DK52: =SUM(DK811:DK831) | DL52: =SUM(DL811:DL831) | DM52: =SUM(DM811:DM831) | DN52: =SUM(DN811:DN831) | DO52: =SUM(DO811:DO831) | ... FC52: =SUM(FC811:FC831) | FE52: =SUM(FE811:FE831) | FF52: =SUM(FF811:FF831) | FG52: =SUM(FG811:FG831) | FH52: =SUM(FH811:FH831) | FI52: =SUM(FI811:FI831) | FJ52: =SUM(FJ811:FJ831) | FK52: =SUM(FK811:FK831) | FL52: =SUM(FL811:FL831) | ... GZ52: =SUM(GZ811:GZ831)
A53: Saturn / Venus | B53: 80.04 | C53: 82.64 | D53: 141.34686 | E53: 14.428046 | N53: =SUM(N833:N842) | O53: =SUM(O833:O842) | P53: =SUM(P833:P842) | Q53: =SUM(Q833:Q842) | R53: =SUM(R833:R842) | S53: =SUM(S833:S842) | T53: =SUM(T833:T842) | U53: =SUM(U833:U842) | ... BI53: =SUM(BI833:BI842) | BK53: =SUM(BK833:BK842) | BL53: =SUM(BL833:BL842) | BM53: =SUM(BM833:BM842) | BN53: =SUM(BN833:BN842) | BO53: =SUM(BO833:BO842) | BP53: =SUM(BP833:BP842) | BQ53: =SUM(BQ833:BQ842) | BR53: =SUM(BR833:BR842) | ... DF53: =SUM(DF833:DF842) | DH53: =SUM(DH833:DH842) | DI53: =SUM(DI833:DI842) | DJ53: =SUM(DJ833:DJ842) | DK53: =SUM(DK833:DK842) | DL53: =SUM(DL833:DL842) | DM53: =SUM(DM833:DM842) | DN53: =SUM(DN833:DN842) | DO53: =SUM(DO833:DO842) | ... FC53: =SUM(FC833:FC842) | FE53: =SUM(FE833:FE842) | FF53: =SUM(FF833:FF842) | FG53: =SUM(FG833:FG842) | FH53: =SUM(FH833:FH842) | FI53: =SUM(FI833:FI842) | FJ53: =SUM(FJ833:FJ842) | FK53: =SUM(FK833:FK842) | FL53: =SUM(FL833:FL842) | ... GZ53: =SUM(GZ833:GZ842)
A54: Jupiter / Spica | C54: 82.4 | D54: 78.343391 | E54: 12.20951 | N54: =SUM(N844:N847) | O54: =SUM(O844:O847) | P54: =SUM(P844:P847) | Q54: =SUM(Q844:Q847) | R54: =SUM(R844:R847) | S54: =SUM(S844:S847) | T54: =SUM(T844:T847) | U54: =SUM(U844:U847) | ... BI54: =SUM(BI844:BI847) | BK54: =SUM(BK844:BK847) | BL54: =SUM(BL844:BL847) | BM54: =SUM(BM844:BM847) | BN54: =SUM(BN844:BN847) | BO54: =SUM(BO844:BO847) | BP54: =SUM(BP844:BP847) | BQ54: =SUM(BQ844:BQ847) | BR54: =SUM(BR844:BR847) | ... DF54: =SUM(DF844:DF847) | DH54: =SUM(DH844:DH847) | DI54: =SUM(DI844:DI847) | DJ54: =SUM(DJ844:DJ847) | DK54: =SUM(DK844:DK847) | DL54: =SUM(DL844:DL847) | DM54: =SUM(DM844:DM847) | DN54: =SUM(DN844:DN847) | DO54: =SUM(DO844:DO847) | ... FC54: =SUM(FC844:FC847) | FE54: =SUM(FE844:FE847) | FF54: =SUM(FF844:FF847) | FG54: =SUM(FG844:FG847) | FH54: =SUM(FH844:FH847) | FI54: =SUM(FI844:FI847) | FJ54: =SUM(FJ844:FJ847) | FK54: =SUM(FK844:FK847) | FL54: =SUM(FL844:FL847) | ... GZ54: =SUM(GZ844:GZ847)
A55: Moon / Spica | B55: 82.09 | D55: 177.54891 | E55: 18.540836 | N55: =SUM(N849:N855) | O55: =SUM(O849:O855) | P55: =SUM(P849:P855) | Q55: =SUM(Q849:Q855) | R55: =SUM(R849:R855) | S55: =SUM(S849:S855) | T55: =SUM(T849:T855) | U55: =SUM(U849:U855) | ... BI55: =SUM(BI849:BI855) | BK55: =SUM(BK849:BK855) | BL55: =SUM(BL849:BL855) | BM55: =SUM(BM849:BM855) | BN55: =SUM(BN849:BN855) | BO55: =SUM(BO849:BO855) | BP55: =SUM(BP849:BP855) | BQ55: =SUM(BQ849:BQ855) | BR55: =SUM(BR849:BR855) | ... DF55: =SUM(DF849:DF855) | DH55: =SUM(DH849:DH855) | DI55: =SUM(DI849:DI855) | DJ55: =SUM(DJ849:DJ855) | DK55: =SUM(DK849:DK855) | DL55: =SUM(DL849:DL855) | DM55: =SUM(DM849:DM855) | DN55: =SUM(DN849:DN855) | DO55: =SUM(DO849:DO855) | ... FC55: =SUM(FC849:FC855) | FE55: =SUM(FE849:FE855) | FF55: =SUM(FF849:FF855) | FG55: =SUM(FG849:FG855) | FH55: =SUM(FH849:FH855) | FI55: =SUM(FI849:FI855) | FJ55: =SUM(FJ849:FJ855) | FK55: =SUM(FK849:FK855) | FL55: =SUM(FL849:FL855) | ... GZ55: =SUM(GZ849:GZ855)
A56: Sun / Deneb Algedi | B56: 81.21 | D56: 141.49122 | E56: 13.841478 | N56: =SUM(N857:N883) | O56: =SUM(O857:O883) | P56: =SUM(P857:P883) | Q56: =SUM(Q857:Q883) | R56: =SUM(R857:R883) | S56: =SUM(S857:S883) | T56: =SUM(T857:T883) | U56: =SUM(U857:U883) | ... BI56: =SUM(BI857:BI883) | BK56: =SUM(BK857:BK883) | BL56: =SUM(BL857:BL883) | BM56: =SUM(BM857:BM883) | BN56: =SUM(BN857:BN883) | BO56: =SUM(BO857:BO883) | BP56: =SUM(BP857:BP883) | BQ56: =SUM(BQ857:BQ883) | BR56: =SUM(BR857:BR883) | ... DF56: =SUM(DF857:DF883) | DH56: =SUM(DH857:DH883) | DI56: =SUM(DI857:DI883) | DJ56: =SUM(DJ857:DJ883) | DK56: =SUM(DK857:DK883) | DL56: =SUM(DL857:DL883) | DM56: =SUM(DM857:DM883) | DN56: =SUM(DN857:DN883) | DO56: =SUM(DO857:DO883) | ... FC56: =SUM(FC857:FC883) | FE56: =SUM(FE857:FE883) | FF56: =SUM(FF857:FF883) | FG56: =SUM(FG857:FG883) | FH56: =SUM(FH857:FH883) | FI56: =SUM(FI857:FI883) | FJ56: =SUM(FJ857:FJ883) | FK56: =SUM(FK857:FK883) | FL56: =SUM(FL857:FL883) | ... GZ56: =SUM(GZ857:GZ883)
A57: Ketu / Aldebaran | B57: 8.27 | C57: 80.94 | D57: 61.583273 | E57: 13.317451 | N57: =SUM(N885:N891) | O57: =SUM(O885:O891) | P57: =SUM(P885:P891) | Q57: =SUM(Q885:Q891) | R57: =SUM(R885:R891) | S57: =SUM(S885:S891) | T57: =SUM(T885:T891) | U57: =SUM(U885:U891) | ... BI57: =SUM(BI885:BI891) | BK57: =SUM(BK885:BK891) | BL57: =SUM(BL885:BL891) | BM57: =SUM(BM885:BM891) | BN57: =SUM(BN885:BN891) | BO57: =SUM(BO885:BO891) | BP57: =SUM(BP885:BP891) | BQ57: =SUM(BQ885:BQ891) | BR57: =SUM(BR885:BR891) | ... DF57: =SUM(DF885:DF891) | DH57: =SUM(DH885:DH891) | DI57: =SUM(DI885:DI891) | DJ57: =SUM(DJ885:DJ891) | DK57: =SUM(DK885:DK891) | DL57: =SUM(DL885:DL891) | DM57: =SUM(DM885:DM891) | DN57: =SUM(DN885:DN891) | DO57: =SUM(DO885:DO891) | ... FC57: =SUM(FC885:FC891) | FE57: =SUM(FE885:FE891) | FF57: =SUM(FF885:FF891) | FG57: =SUM(FG885:FG891) | FH57: =SUM(FH885:FH891) | FI57: =SUM(FI885:FI891) | FJ57: =SUM(FJ885:FJ891) | FK57: =SUM(FK885:FK891) | FL57: =SUM(FL885:FL891) | ... GZ57: =SUM(GZ885:GZ891)
A58: Moon / Fomalhaut | C58: 80.92 | D58: 39.327088 | E58: 37.002009 | N58: =SUM(N893:N899) | O58: =SUM(O893:O899) | P58: =SUM(P893:P899) | Q58: =SUM(Q893:Q899) | R58: =SUM(R893:R899) | S58: =SUM(S893:S899) | T58: =SUM(T893:T899) | U58: =SUM(U893:U899) | ... BI58: =SUM(BI893:BI899) | BK58: =SUM(BK893:BK899) | BL58: =SUM(BL893:BL899) | BM58: =SUM(BM893:BM899) | BN58: =SUM(BN893:BN899) | BO58: =SUM(BO893:BO899) | BP58: =SUM(BP893:BP899) | BQ58: =SUM(BQ893:BQ899) | BR58: =SUM(BR893:BR899) | ... DF58: =SUM(DF893:DF899) | DH58: =SUM(DH893:DH899) | DI58: =SUM(DI893:DI899) | DJ58: =SUM(DJ893:DJ899) | DK58: =SUM(DK893:DK899) | DL58: =SUM(DL893:DL899) | DM58: =SUM(DM893:DM899) | DN58: =SUM(DN893:DN899) | DO58: =SUM(DO893:DO899) | ... FC58: =SUM(FC893:FC899) | FE58: =SUM(FE893:FE899) | FF58: =SUM(FF893:FF899) | FG58: =SUM(FG893:FG899) | FH58: =SUM(FH893:FH899) | FI58: =SUM(FI893:FI899) | FJ58: =SUM(FJ893:FJ899) | FK58: =SUM(FK893:FK899) | FL58: =SUM(FL893:FL899) | ... GZ58: =SUM(GZ893:GZ899)
A59: Chiron / Juno | B59: 80.8 | D59: 179.35202 | E59: 5.781724 | N59: =SUM(N929:N938) | O59: =SUM(O929:O938) | P59: =SUM(P929:P938) | Q59: =SUM(Q929:Q938) | R59: =SUM(R929:R938) | S59: =SUM(S929:S938) | T59: =SUM(T929:T938) | U59: =SUM(U929:U938) | ... BI59: =SUM(BI929:BI938) | BK59: =SUM(BK929:BK938) | BL59: =SUM(BL929:BL938) | BM59: =SUM(BM929:BM938) | BN59: =SUM(BN929:BN938) | BO59: =SUM(BO929:BO938) | BP59: =SUM(BP929:BP938) | BQ59: =SUM(BQ929:BQ938) | BR59: =SUM(BR929:BR938) | ... DF59: =SUM(DF929:DF938) | DH59: =SUM(DH929:DH938) | DI59: =SUM(DI929:DI938) | DJ59: =SUM(DJ929:DJ938) | DK59: =SUM(DK929:DK938) | DL59: =SUM(DL929:DL938) | DM59: =SUM(DM929:DM938) | DN59: =SUM(DN929:DN938) | DO59: =SUM(DO929:DO938) | ... FC59: =SUM(FC929:FC938) | FE59: =SUM(FE929:FE938) | FF59: =SUM(FF929:FF938) | FG59: =SUM(FG929:FG938) | FH59: =SUM(FH929:FH938) | FI59: =SUM(FI929:FI938) | FJ59: =SUM(FJ929:FJ938) | FK59: =SUM(FK929:FK938) | FL59: =SUM(FL929:FL938) | ... GZ59: =SUM(GZ929:GZ938)
A60: Chiron / Mars | B60: 53.72 | C60: 80.46 | D60: 61.994659 | E60: 26.551376 | N60: =SUM(N940:N969) | O60: =SUM(O940:O969) | P60: =SUM(P940:P969) | Q60: =SUM(Q940:Q969) | R60: =SUM(R940:R969) | S60: =SUM(S940:S969) | T60: =SUM(T940:T969) | U60: =SUM(U940:U969) | ... BI60: =SUM(BI940:BI969) | BK60: =SUM(BK940:BK969) | BL60: =SUM(BL940:BL969) | BM60: =SUM(BM940:BM969) | BN60: =SUM(BN940:BN969) | BO60: =SUM(BO940:BO969) | BP60: =SUM(BP940:BP969) | BQ60: =SUM(BQ940:BQ969) | BR60: =SUM(BR940:BR969) | ... DF60: =SUM(DF940:DF969) | DH60: =SUM(DH940:DH969) | DI60: =SUM(DI940:DI969) | DJ60: =SUM(DJ940:DJ969) | DK60: =SUM(DK940:DK969) | DL60: =SUM(DL940:DL969) | DM60: =SUM(DM940:DM969) | DN60: =SUM(DN940:DN969) | DO60: =SUM(DO940:DO969) | ... FC60: =SUM(FC940:FC969) | FE60: =SUM(FE940:FE969) | FF60: =SUM(FF940:FF969) | FG60: =SUM(FG940:FG969) | FH60: =SUM(FH940:FH969) | FI60: =SUM(FI940:FI969) | FJ60: =SUM(FJ940:FJ969) | FK60: =SUM(FK940:FK969) | FL60: =SUM(FL940:FL969) | ... GZ60: =SUM(GZ940:GZ969)
A61: Sedna / Altair | C61: 80.16 | D61: 107.89809 | E61: 4.002094 | N61: =SUM(N971:N980) | O61: =SUM(O971:O980) | P61: =SUM(P971:P980) | Q61: =SUM(Q971:Q980) | R61: =SUM(R971:R980) | S61: =SUM(S971:S980) | T61: =SUM(T971:T980) | U61: =SUM(U971:U980) | ... BI61: =SUM(BI971:BI980) | BK61: =SUM(BK971:BK980) | BL61: =SUM(BL971:BL980) | BM61: =SUM(BM971:BM980) | BN61: =SUM(BN971:BN980) | BO61: =SUM(BO971:BO980) | BP61: =SUM(BP971:BP980) | BQ61: =SUM(BQ971:BQ980) | BR61: =SUM(BR971:BR980) | ... DF61: =SUM(DF971:DF980) | DH61: =SUM(DH971:DH980) | DI61: =SUM(DI971:DI980) | DJ61: =SUM(DJ971:DJ980) | DK61: =SUM(DK971:DK980) | DL61: =SUM(DL971:DL980) | DM61: =SUM(DM971:DM980) | DN61: =SUM(DN971:DN980) | DO61: =SUM(DO971:DO980) | ... FC61: =SUM(FC971:FC980) | FE61: =SUM(FE971:FE980) | FF61: =SUM(FF971:FF980) | FG61: =SUM(FG971:FG980) | FH61: =SUM(FH971:FH980) | FI61: =SUM(FI971:FI980) | FJ61: =SUM(FJ971:FJ980) | FK61: =SUM(FK971:FK980) | FL61: =SUM(FL971:FL980) | ... GZ61: =SUM(GZ971:GZ980)
A62: Sun / Sirius | B62: 4.52 | C62: 80.1 | D62: 83.984254 | E62: 14.425652 | N62: =SUM(N982:N985) | O62: =SUM(O982:O985) | P62: =SUM(P982:P985) | Q62: =SUM(Q982:Q985) | R62: =SUM(R982:R985) | S62: =SUM(S982:S985) | T62: =SUM(T982:T985) | U62: =SUM(U982:U985) | ... BI62: =SUM(BI982:BI985) | BK62: =SUM(BK982:BK985) | BL62: =SUM(BL982:BL985) | BM62: =SUM(BM982:BM985) | BN62: =SUM(BN982:BN985) | BO62: =SUM(BO982:BO985) | BP62: =SUM(BP982:BP985) | BQ62: =SUM(BQ982:BQ985) | BR62: =SUM(BR982:BR985) | ... DF62: =SUM(DF982:DF985) | DH62: =SUM(DH982:DH985) | DI62: =SUM(DI982:DI985) | DJ62: =SUM(DJ982:DJ985) | DK62: =SUM(DK982:DK985) | DL62: =SUM(DL982:DL985) | DM62: =SUM(DM982:DM985) | DN62: =SUM(DN982:DN985) | DO62: =SUM(DO982:DO985) | ... FC62: =SUM(FC982:FC985) | FE62: =SUM(FE982:FE985) | FF62: =SUM(FF982:FF985) | FG62: =SUM(FG982:FG985) | FH62: =SUM(FH982:FH985) | FI62: =SUM(FI982:FI985) | FJ62: =SUM(FJ982:FJ985) | FK62: =SUM(FK982:FK985) | FL62: =SUM(FL982:FL985) | ... GZ62: =SUM(GZ982:GZ985)
A64: QUALIFYING FAST-MOVING PAIRS
A65: Pair | B65: RA Score | C65: Dec Score | D65: RA Dist | E65: Dec Dist
A66: Orcus / Midheaven | C66: 99.85 | D66: 74.622055 | E66: 12.944247 | N66: =SUM(N120:N123) | O66: =SUM(O120:O123) | P66: =SUM(P120:P123) | Q66: =SUM(Q120:Q123) | R66: =SUM(R120:R123) | S66: =SUM(S120:S123) | T66: =SUM(T120:T123) | U66: =SUM(U120:U123) | ... BI66: =SUM(BI120:BI123) | BK66: =SUM(BK120:BK123) | BL66: =SUM(BL120:BL123) | BM66: =SUM(BM120:BM123) | BN66: =SUM(BN120:BN123) | BO66: =SUM(BO120:BO123) | BP66: =SUM(BP120:BP123) | BQ66: =SUM(BQ120:BQ123) | BR66: =SUM(BR120:BR123) | ... DF66: =SUM(DF120:DF123) | DH66: =SUM(DH120:DH123) | DI66: =SUM(DI120:DI123) | DJ66: =SUM(DJ120:DJ123) | DK66: =SUM(DK120:DK123) | DL66: =SUM(DL120:DL123) | DM66: =SUM(DM120:DM123) | DN66: =SUM(DN120:DN123) | DO66: =SUM(DO120:DO123) | ... FC66: =SUM(FC120:FC123) | FE66: =SUM(FE120:FE123) | FF66: =SUM(FF120:FF123) | FG66: =SUM(FG120:FG123) | FH66: =SUM(FH120:FH123) | FI66: =SUM(FI120:FI123) | FJ66: =SUM(FJ120:FJ123) | FK66: =SUM(FK120:FK123) | FL66: =SUM(FL120:FL123) | ... GZ66: =SUM(GZ120:GZ123)
A67: Moon / Ascendant | B67: 98.08 | D67: 115.88272 | E67: 30.805402 | N67: =SUM(N225:N245) | O67: =SUM(O225:O245) | P67: =SUM(P225:P245) | Q67: =SUM(Q225:Q245) | R67: =SUM(R225:R245) | S67: =SUM(S225:S245) | T67: =SUM(T225:T245) | U67: =SUM(U225:U245) | ... BI67: =SUM(BI225:BI245) | BK67: =SUM(BK225:BK245) | BL67: =SUM(BL225:BL245) | BM67: =SUM(BM225:BM245) | BN67: =SUM(BN225:BN245) | BO67: =SUM(BO225:BO245) | BP67: =SUM(BP225:BP245) | BQ67: =SUM(BQ225:BQ245) | BR67: =SUM(BR225:BR245) | ... DF67: =SUM(DF225:DF245) | DH67: =SUM(DH225:DH245) | DI67: =SUM(DI225:DI245) | DJ67: =SUM(DJ225:DJ245) | DK67: =SUM(DK225:DK245) | DL67: =SUM(DL225:DL245) | DM67: =SUM(DM225:DM245) | DN67: =SUM(DN225:DN245) | DO67: =SUM(DO225:DO245) | ... FC67: =SUM(FC225:FC245) | FE67: =SUM(FE225:FE245) | FF67: =SUM(FF225:FF245) | FG67: =SUM(FG225:FG245) | FH67: =SUM(FH225:FH245) | FI67: =SUM(FI225:FI245) | FJ67: =SUM(FJ225:FJ245) | FK67: =SUM(FK225:FK245) | FL67: =SUM(FL225:FL245) | ... GZ67: =SUM(GZ225:GZ245)
A68: Neptune / Ascendant | B68: 97.78 | D68: 29.032821 | E68: 2.751872 | N68: =SUM(N274:N277) | O68: =SUM(O274:O277) | P68: =SUM(P274:P277) | Q68: =SUM(Q274:Q277) | R68: =SUM(R274:R277) | S68: =SUM(S274:S277) | T68: =SUM(T274:T277) | U68: =SUM(U274:U277) | ... BI68: =SUM(BI274:BI277) | BK68: =SUM(BK274:BK277) | BL68: =SUM(BL274:BL277) | BM68: =SUM(BM274:BM277) | BN68: =SUM(BN274:BN277) | BO68: =SUM(BO274:BO277) | BP68: =SUM(BP274:BP277) | BQ68: =SUM(BQ274:BQ277) | BR68: =SUM(BR274:BR277) | ... DF68: =SUM(DF274:DF277) | DH68: =SUM(DH274:DH277) | DI68: =SUM(DI274:DI277) | DJ68: =SUM(DJ274:DJ277) | DK68: =SUM(DK274:DK277) | DL68: =SUM(DL274:DL277) | DM68: =SUM(DM274:DM277) | DN68: =SUM(DN274:DN277) | DO68: =SUM(DO274:DO277) | ... FC68: =SUM(FC274:FC277) | FE68: =SUM(FE274:FE277) | FF68: =SUM(FF274:FF277) | FG68: =SUM(FG274:FG277) | FH68: =SUM(FH274:FH277) | FI68: =SUM(FI274:FI277) | FJ68: =SUM(FJ274:FJ277) | FK68: =SUM(FK274:FK277) | FL68: =SUM(FL274:FL277) | ... GZ68: =SUM(GZ274:GZ277)
A69: Alphecca / Vertex | C69: 95.83 | D69: 98.750247 | E69: 9.657871 | N69: =SUM(N287:N290) | O69: =SUM(O287:O290) | P69: =SUM(P287:P290) | Q69: =SUM(Q287:Q290) | R69: =SUM(R287:R290) | S69: =SUM(S287:S290) | T69: =SUM(T287:T290) | U69: =SUM(U287:U290) | ... BI69: =SUM(BI287:BI290) | BK69: =SUM(BK287:BK290) | BL69: =SUM(BL287:BL290) | BM69: =SUM(BM287:BM290) | BN69: =SUM(BN287:BN290) | BO69: =SUM(BO287:BO290) | BP69: =SUM(BP287:BP290) | BQ69: =SUM(BQ287:BQ290) | BR69: =SUM(BR287:BR290) | ... DF69: =SUM(DF287:DF290) | DH69: =SUM(DH287:DH290) | DI69: =SUM(DI287:DI290) | DJ69: =SUM(DJ287:DJ290) | DK69: =SUM(DK287:DK290) | DL69: =SUM(DL287:DL290) | DM69: =SUM(DM287:DM290) | DN69: =SUM(DN287:DN290) | DO69: =SUM(DO287:DO290) | ... FC69: =SUM(FC287:FC290) | FE69: =SUM(FE287:FE290) | FF69: =SUM(FF287:FF290) | FG69: =SUM(FG287:FG290) | FH69: =SUM(FH287:FH290) | FI69: =SUM(FI287:FI290) | FJ69: =SUM(FJ287:FJ290) | FK69: =SUM(FK287:FK290) | FL69: =SUM(FL287:FL290) | ... GZ69: =SUM(GZ287:GZ290)
A70: Pallas / Vertex | C70: 95.04 | D70: 98.375362 | E70: 7.778412 | N70: =SUM(N322:N325) | O70: =SUM(O322:O325) | P70: =SUM(P322:P325) | Q70: =SUM(Q322:Q325) | R70: =SUM(R322:R325) | S70: =SUM(S322:S325) | T70: =SUM(T322:T325) | U70: =SUM(U322:U325) | ... BI70: =SUM(BI322:BI325) | BK70: =SUM(BK322:BK325) | BL70: =SUM(BL322:BL325) | BM70: =SUM(BM322:BM325) | BN70: =SUM(BN322:BN325) | BO70: =SUM(BO322:BO325) | BP70: =SUM(BP322:BP325) | BQ70: =SUM(BQ322:BQ325) | BR70: =SUM(BR322:BR325) | ... DF70: =SUM(DF322:DF325) | DH70: =SUM(DH322:DH325) | DI70: =SUM(DI322:DI325) | DJ70: =SUM(DJ322:DJ325) | DK70: =SUM(DK322:DK325) | DL70: =SUM(DL322:DL325) | DM70: =SUM(DM322:DM325) | DN70: =SUM(DN322:DN325) | DO70: =SUM(DO322:DO325) | ... FC70: =SUM(FC322:FC325) | FE70: =SUM(FE322:FE325) | FF70: =SUM(FF322:FF325) | FG70: =SUM(FG322:FG325) | FH70: =SUM(FH322:FH325) | FI70: =SUM(FI322:FI325) | FJ70: =SUM(FJ322:FJ325) | FK70: =SUM(FK322:FK325) | FL70: =SUM(FL322:FL325) | ... GZ70: =SUM(GZ322:GZ325)
A71: Alkaid / Midheaven | C71: 94.48 | D71: 3.858693 | E71: 61.812043 | N71: =SUM(N385:N388) | O71: =SUM(O385:O388) | P71: =SUM(P385:P388) | Q71: =SUM(Q385:Q388) | R71: =SUM(R385:R388) | S71: =SUM(S385:S388) | T71: =SUM(T385:T388) | U71: =SUM(U385:U388) | ... BI71: =SUM(BI385:BI388) | BK71: =SUM(BK385:BK388) | BL71: =SUM(BL385:BL388) | BM71: =SUM(BM385:BM388) | BN71: =SUM(BN385:BN388) | BO71: =SUM(BO385:BO388) | BP71: =SUM(BP385:BP388) | BQ71: =SUM(BQ385:BQ388) | BR71: =SUM(BR385:BR388) | ... DF71: =SUM(DF385:DF388) | DH71: =SUM(DH385:DH388) | DI71: =SUM(DI385:DI388) | DJ71: =SUM(DJ385:DJ388) | DK71: =SUM(DK385:DK388) | DL71: =SUM(DL385:DL388) | DM71: =SUM(DM385:DM388) | DN71: =SUM(DN385:DN388) | DO71: =SUM(DO385:DO388) | ... FC71: =SUM(FC385:FC388) | FE71: =SUM(FE385:FE388) | FF71: =SUM(FF385:FF388) | FG71: =SUM(FG385:FG388) | FH71: =SUM(FH385:FH388) | FI71: =SUM(FI385:FI388) | FJ71: =SUM(FJ385:FJ388) | FK71: =SUM(FK385:FK388) | FL71: =SUM(FL385:FL388) | ... GZ71: =SUM(GZ385:GZ388)
A72: Sirius / Ascendant | B72: 92.01 | D72: 166.57351 | E72: 6.712426 | N72: =SUM(N487:N493) | O72: =SUM(O487:O493) | P72: =SUM(P487:P493) | Q72: =SUM(Q487:Q493) | R72: =SUM(R487:R493) | S72: =SUM(S487:S493) | T72: =SUM(T487:T493) | U72: =SUM(U487:U493) | ... BI72: =SUM(BI487:BI493) | BK72: =SUM(BK487:BK493) | BL72: =SUM(BL487:BL493) | BM72: =SUM(BM487:BM493) | BN72: =SUM(BN487:BN493) | BO72: =SUM(BO487:BO493) | BP72: =SUM(BP487:BP493) | BQ72: =SUM(BQ487:BQ493) | BR72: =SUM(BR487:BR493) | ... DF72: =SUM(DF487:DF493) | DH72: =SUM(DH487:DH493) | DI72: =SUM(DI487:DI493) | DJ72: =SUM(DJ487:DJ493) | DK72: =SUM(DK487:DK493) | DL72: =SUM(DL487:DL493) | DM72: =SUM(DM487:DM493) | DN72: =SUM(DN487:DN493) | DO72: =SUM(DO487:DO493) | ... FC72: =SUM(FC487:FC493) | FE72: =SUM(FE487:FE493) | FF72: =SUM(FF487:FF493) | FG72: =SUM(FG487:FG493) | FH72: =SUM(FH487:FH493) | FI72: =SUM(FI487:FI493) | FJ72: =SUM(FJ487:FJ493) | FK72: =SUM(FK487:FK493) | FL72: =SUM(FL487:FL493) | ... GZ72: =SUM(GZ487:GZ493)
A73: Betelgeuse / Vertex | C73: 91.77 | D73: 46.123769 | E73: 9.654825 | N73: =SUM(N495:N498) | O73: =SUM(O495:O498) | P73: =SUM(P495:P498) | Q73: =SUM(Q495:Q498) | R73: =SUM(R495:R498) | S73: =SUM(S495:S498) | T73: =SUM(T495:T498) | U73: =SUM(U495:U498) | ... BI73: =SUM(BI495:BI498) | BK73: =SUM(BK495:BK498) | BL73: =SUM(BL495:BL498) | BM73: =SUM(BM495:BM498) | BN73: =SUM(BN495:BN498) | BO73: =SUM(BO495:BO498) | BP73: =SUM(BP495:BP498) | BQ73: =SUM(BQ495:BQ498) | BR73: =SUM(BR495:BR498) | ... DF73: =SUM(DF495:DF498) | DH73: =SUM(DH495:DH498) | DI73: =SUM(DI495:DI498) | DJ73: =SUM(DJ495:DJ498) | DK73: =SUM(DK495:DK498) | DL73: =SUM(DL495:DL498) | DM73: =SUM(DM495:DM498) | DN73: =SUM(DN495:DN498) | DO73: =SUM(DO495:DO498) | ... FC73: =SUM(FC495:FC498) | FE73: =SUM(FE495:FE498) | FF73: =SUM(FF495:FF498) | FG73: =SUM(FG495:FG498) | FH73: =SUM(FH495:FH498) | FI73: =SUM(FI495:FI498) | FJ73: =SUM(FJ495:FJ498) | FK73: =SUM(FK495:FK498) | FL73: =SUM(FL495:FL498) | ... GZ73: =SUM(GZ495:GZ498)
A74: Mars / Part_of_Fortune | C74: 90.25 | D74: 28.054703 | E74: 3.999001 | N74: =SUM(N565:N571) | O74: =SUM(O565:O571) | P74: =SUM(P565:P571) | Q74: =SUM(Q565:Q571) | R74: =SUM(R565:R571) | S74: =SUM(S565:S571) | T74: =SUM(T565:T571) | U74: =SUM(U565:U571) | ... BI74: =SUM(BI565:BI571) | BK74: =SUM(BK565:BK571) | BL74: =SUM(BL565:BL571) | BM74: =SUM(BM565:BM571) | BN74: =SUM(BN565:BN571) | BO74: =SUM(BO565:BO571) | BP74: =SUM(BP565:BP571) | BQ74: =SUM(BQ565:BQ571) | BR74: =SUM(BR565:BR571) | ... DF74: =SUM(DF565:DF571) | DH74: =SUM(DH565:DH571) | DI74: =SUM(DI565:DI571) | DJ74: =SUM(DJ565:DJ571) | DK74: =SUM(DK565:DK571) | DL74: =SUM(DL565:DL571) | DM74: =SUM(DM565:DM571) | DN74: =SUM(DN565:DN571) | DO74: =SUM(DO565:DO571) | ... FC74: =SUM(FC565:FC571) | FE74: =SUM(FE565:FE571) | FF74: =SUM(FF565:FF571) | FG74: =SUM(FG565:FG571) | FH74: =SUM(FH565:FH571) | FI74: =SUM(FI565:FI571) | FJ74: =SUM(FJ565:FJ571) | FK74: =SUM(FK565:FK571) | FL74: =SUM(FL565:FL571) | ... GZ74: =SUM(GZ565:GZ571)
A75: Moon / Vertex | B75: 89.87 | C75: 24.17 | D75: 111.17304 | E75: 9.681396 | N75: =SUM(N573:N606) | O75: =SUM(O573:O606) | P75: =SUM(P573:P606) | Q75: =SUM(Q573:Q606) | R75: =SUM(R573:R606) | S75: =SUM(S573:S606) | T75: =SUM(T573:T606) | U75: =SUM(U573:U606) | ... BI75: =SUM(BI573:BI606) | BK75: =SUM(BK573:BK606) | BL75: =SUM(BL573:BL606) | BM75: =SUM(BM573:BM606) | BN75: =SUM(BN573:BN606) | BO75: =SUM(BO573:BO606) | BP75: =SUM(BP573:BP606) | BQ75: =SUM(BQ573:BQ606) | BR75: =SUM(BR573:BR606) | ... DF75: =SUM(DF573:DF606) | DH75: =SUM(DH573:DH606) | DI75: =SUM(DI573:DI606) | DJ75: =SUM(DJ573:DJ606) | DK75: =SUM(DK573:DK606) | DL75: =SUM(DL573:DL606) | DM75: =SUM(DM573:DM606) | DN75: =SUM(DN573:DN606) | DO75: =SUM(DO573:DO606) | ... FC75: =SUM(FC573:FC606) | FE75: =SUM(FE573:FE606) | FF75: =SUM(FF573:FF606) | FG75: =SUM(FG573:FG606) | FH75: =SUM(FH573:FH606) | FI75: =SUM(FI573:FI606) | FJ75: =SUM(FJ573:FJ606) | FK75: =SUM(FK573:FK606) | FL75: =SUM(FL573:FL606) | ... GZ75: =SUM(GZ573:GZ606)
A76: Sedna / Vertex | B76: 88.14 | C76: 62.07 | D76: 89.322948 | E76: 12.194828 | N76: =SUM(N638:N644) | O76: =SUM(O638:O644) | P76: =SUM(P638:P644) | Q76: =SUM(Q638:Q644) | R76: =SUM(R638:R644) | S76: =SUM(S638:S644) | T76: =SUM(T638:T644) | U76: =SUM(U638:U644) | ... BI76: =SUM(BI638:BI644) | BK76: =SUM(BK638:BK644) | BL76: =SUM(BL638:BL644) | BM76: =SUM(BM638:BM644) | BN76: =SUM(BN638:BN644) | BO76: =SUM(BO638:BO644) | BP76: =SUM(BP638:BP644) | BQ76: =SUM(BQ638:BQ644) | BR76: =SUM(BR638:BR644) | ... DF76: =SUM(DF638:DF644) | DH76: =SUM(DH638:DH644) | DI76: =SUM(DI638:DI644) | DJ76: =SUM(DJ638:DJ644) | DK76: =SUM(DK638:DK644) | DL76: =SUM(DL638:DL644) | DM76: =SUM(DM638:DM644) | DN76: =SUM(DN638:DN644) | DO76: =SUM(DO638:DO644) | ... FC76: =SUM(FC638:FC644) | FE76: =SUM(FE638:FE644) | FF76: =SUM(FF638:FF644) | FG76: =SUM(FG638:FG644) | FH76: =SUM(FH638:FH644) | FI76: =SUM(FI638:FI644) | FJ76: =SUM(FJ638:FJ644) | FK76: =SUM(FK638:FK644) | FL76: =SUM(FL638:FL644) | ... GZ76: =SUM(GZ638:GZ644)
A77: Vega / Vertex | B77: 86.5 | C77: 81.08 | D77: 144.31695 | E77: 21.723116 | N77: =SUM(N685:N691) | O77: =SUM(O685:O691) | P77: =SUM(P685:P691) | Q77: =SUM(Q685:Q691) | R77: =SUM(R685:R691) | S77: =SUM(S685:S691) | T77: =SUM(T685:T691) | U77: =SUM(U685:U691) | ... BI77: =SUM(BI685:BI691) | BK77: =SUM(BK685:BK691) | BL77: =SUM(BL685:BL691) | BM77: =SUM(BM685:BM691) | BN77: =SUM(BN685:BN691) | BO77: =SUM(BO685:BO691) | BP77: =SUM(BP685:BP691) | BQ77: =SUM(BQ685:BQ691) | BR77: =SUM(BR685:BR691) | ... DF77: =SUM(DF685:DF691) | DH77: =SUM(DH685:DH691) | DI77: =SUM(DI685:DI691) | DJ77: =SUM(DJ685:DJ691) | DK77: =SUM(DK685:DK691) | DL77: =SUM(DL685:DL691) | DM77: =SUM(DM685:DM691) | DN77: =SUM(DN685:DN691) | DO77: =SUM(DO685:DO691) | ... FC77: =SUM(FC685:FC691) | FE77: =SUM(FE685:FE691) | FF77: =SUM(FF685:FF691) | FG77: =SUM(FG685:FG691) | FH77: =SUM(FH685:FH691) | FI77: =SUM(FI685:FI691) | FJ77: =SUM(FJ685:FJ691) | FK77: =SUM(FK685:FK691) | FL77: =SUM(FL685:FL691) | ... GZ77: =SUM(GZ685:GZ691)
A78: Mars / Ascendant | B78: 83.2 | D78: 133.47333 | E78: 41.860733 | N78: =SUM(N803:N809) | O78: =SUM(O803:O809) | P78: =SUM(P803:P809) | Q78: =SUM(Q803:Q809) | R78: =SUM(R803:R809) | S78: =SUM(S803:S809) | T78: =SUM(T803:T809) | U78: =SUM(U803:U809) | ... BI78: =SUM(BI803:BI809) | BK78: =SUM(BK803:BK809) | BL78: =SUM(BL803:BL809) | BM78: =SUM(BM803:BM809) | BN78: =SUM(BN803:BN809) | BO78: =SUM(BO803:BO809) | BP78: =SUM(BP803:BP809) | BQ78: =SUM(BQ803:BQ809) | BR78: =SUM(BR803:BR809) | ... DF78: =SUM(DF803:DF809) | DH78: =SUM(DH803:DH809) | DI78: =SUM(DI803:DI809) | DJ78: =SUM(DJ803:DJ809) | DK78: =SUM(DK803:DK809) | DL78: =SUM(DL803:DL809) | DM78: =SUM(DM803:DM809) | DN78: =SUM(DN803:DN809) | DO78: =SUM(DO803:DO809) | ... FC78: =SUM(FC803:FC809) | FE78: =SUM(FE803:FE809) | FF78: =SUM(FF803:FF809) | FG78: =SUM(FG803:FG809) | FH78: =SUM(FH803:FH809) | FI78: =SUM(FI803:FI809) | FJ78: =SUM(FJ803:FJ809) | FK78: =SUM(FK803:FK809) | FL78: =SUM(FL803:FL809) | ... GZ78: =SUM(GZ803:GZ809)
A79: Mercury / Part_of_Fortune | C79: 82.81 | D79: 63.974047 | E79: 17.952346 | N79: 0 | O79: 0 | P79: 0 | Q79: 0 | R79: 0 | S79: 0 | T79: 0 | U79: 0 | V79: 0 | W79: 0 | X79: 0 | Y79: 0 | Z79: 0 | AA79: 0 | AB79: 0 | AC79: 0 | AD79: 0 | AE79: 0 | AF79: 0 | AG79: 0 | AH79: 0 | AI79: 0 | AJ79: 0 | AK79: 0 | AL79: 0 | AM79: 0 | AN79: 0 | AO79: 0 | AP79: 0 | AQ79: 0 | AR79: 0 | AS79: 0 | AT79: 0 | AU79: 0 | AV79: 0 | AW79: 0 | AX79: 0 | AY79: 0 | AZ79: 0 | BA79: 0 | BB79: 0 | BC79: 0 | BD79: 0 | BE79: 0 | BF79: 0 | BG79: 0 | BH79: 0 | BI79: 0 | BK79: 0 | BL79: 0 | BM79: 0 | BN79: 0 | BO79: 0 | BP79: 0 | BQ79: 0 | BR79: 0 | BS79: 0 | BT79: 0 | BU79: 0 | BV79: 0 | BW79: 0 | BX79: 0 | BY79: 0 | BZ79: 0 | CA79: 0 | CB79: 0 | CC79: 0 | CD79: 0 | CE79: 0 | CF79: 0 | CG79: 0 | CH79: 0 | CI79: 0 | CJ79: 0 | CK79: 0 | CL79: 0 | CM79: 0 | CN79: 0 | CO79: 0 | CP79: 0 | CQ79: 0 | CR79: 0 | CS79: 0 | CT79: 0 | CU79: 0 | CV79: 0 | CW79: 0 | CX79: 0 | CY79: 0 | CZ79: 0 | DA79: 0 | DB79: 0 | DC79: 0 | DD79: 0 | DE79: 0 | DF79: 0 | DH79: 0 | DI79: 0 | DJ79: 0 | DK79: 0 | DL79: 0 | DM79: 0 | DN79: 0 | DO79: 0 | DP79: 0 | DQ79: 0 | DR79: 0 | DS79: 0 | DT79: 0 | DU79: 0 | DV79: 0 | DW79: 0 | DX79: 0 | DY79: 0 | DZ79: 0 | EA79: 0 | EB79: 0 | EC79: 0 | ED79: 0 | EE79: 0 | EF79: 0 | EG79: 0 | EH79: 0 | EI79: 0 | EJ79: 0 | EK79: 0 | EL79: 0 | EM79: 0 | EN79: 0 | EO79: 0 | EP79: 0 | EQ79: 0 | ER79: 0 | ES79: 0 | ET79: 0 | EU79: 0 | EV79: 0 | EW79: 0 | EX79: 0 | EY79: 0 | EZ79: 0 | FA79: 0 | FB79: 0 | FC79: 0 | FE79: 0 | FF79: 0 | FG79: 0 | FH79: 0 | FI79: 0 | FJ79: 0 | FK79: 0 | FL79: 0 | FM79: 0 | FN79: 0 | FO79: 0 | FP79: 0 | FQ79: 0 | FR79: 0 | FS79: 0 | FT79: 0 | FU79: 0 | FV79: 0 | FW79: 0 | FX79: 0 | FY79: 0 | FZ79: 0 | GA79: 0 | GB79: 0 | GC79: 0 | GD79: 0 | GE79: 0 | GF79: 0 | GG79: 0 | GH79: 0 | GI79: 0 | GJ79: 0 | GK79: 0 | GL79: 0 | GM79: 0 | GN79: 0 | GO79: 0 | GP79: 0 | GQ79: 0 | GR79: 0 | GS79: 0 | GT79: 0 | GU79: 0 | GV79: 0 | GW79: 0 | GX79: 0 | GY79: 0 | GZ79: 0
A80: Juno / Midheaven | B80: 82.24 | D80: 164.99814 | E80: 10.161661 | N80: 0 | O80: 0 | P80: 0 | Q80: 0 | R80: 0 | S80: 0 | T80: 0 | U80: 0 | V80: 0 | W80: 0 | X80: 0 | Y80: 0 | Z80: 0 | AA80: 0 | AB80: 0 | AC80: 0 | AD80: 0 | AE80: 0 | AF80: 0 | AG80: 0 | AH80: 0 | AI80: 0 | AJ80: 0 | AK80: 0 | AL80: 0 | AM80: 0 | AN80: 0 | AO80: 0 | AP80: 0 | AQ80: 0 | AR80: 0 | AS80: 0 | AT80: 0 | AU80: 0 | AV80: 0 | AW80: 0 | AX80: 0 | AY80: 0 | AZ80: 0 | BA80: 0 | BB80: 0 | BC80: 0 | BD80: 0 | BE80: 0 | BF80: 0 | BG80: 0 | BH80: 0 | BI80: 0 | BK80: 0 | BL80: 0 | BM80: 0 | BN80: 0 | BO80: 0 | BP80: 0 | BQ80: 0 | BR80: 0 | BS80: 0 | BT80: 0 | BU80: 0 | BV80: 0 | BW80: 0 | BX80: 0 | BY80: 0 | BZ80: 0 | CA80: 0 | CB80: 0 | CC80: 0 | CD80: 0 | CE80: 0 | CF80: 0 | CG80: 0 | CH80: 0 | CI80: 0 | CJ80: 0 | CK80: 0 | CL80: 0 | CM80: 0 | CN80: 0 | CO80: 0 | CP80: 0 | CQ80: 0 | CR80: 0 | CS80: 0 | CT80: 0 | CU80: 0 | CV80: 0 | CW80: 0 | CX80: 0 | CY80: 0 | CZ80: 0 | DA80: 0 | DB80: 0 | DC80: 0 | DD80: 0 | DE80: 0 | DF80: 0 | DH80: 0 | DI80: 0 | DJ80: 0 | DK80: 0 | DL80: 0 | DM80: 0 | DN80: 0 | DO80: 0 | DP80: 0 | DQ80: 0 | DR80: 0 | DS80: 0 | DT80: 0 | DU80: 0 | DV80: 0 | DW80: 0 | DX80: 0 | DY80: 0 | DZ80: 0 | EA80: 0 | EB80: 0 | EC80: 0 | ED80: 0 | EE80: 0 | EF80: 0 | EG80: 0 | EH80: 0 | EI80: 0 | EJ80: 0 | EK80: 0 | EL80: 0 | EM80: 0 | EN80: 0 | EO80: 0 | EP80: 0 | EQ80: 0 | ER80: 0 | ES80: 0 | ET80: 0 | EU80: 0 | EV80: 0 | EW80: 0 | EX80: 0 | EY80: 0 | EZ80: 0 | FA80: 0 | FB80: 0 | FC80: 0 | FE80: 0 | FF80: 0 | FG80: 0 | FH80: 0 | FI80: 0 | FJ80: 0 | FK80: 0 | FL80: 0 | FM80: 0 | FN80: 0 | FO80: 0 | FP80: 0 | FQ80: 0 | FR80: 0 | FS80: 0 | FT80: 0 | FU80: 0 | FV80: 0 | FW80: 0 | FX80: 0 | FY80: 0 | FZ80: 0 | GA80: 0 | GB80: 0 | GC80: 0 | GD80: 0 | GE80: 0 | GF80: 0 | GG80: 0 | GH80: 0 | GI80: 0 | GJ80: 0 | GK80: 0 | GL80: 0 | GM80: 0 | GN80: 0 | GO80: 0 | GP80: 0 | GQ80: 0 | GR80: 0 | GS80: 0 | GT80: 0 | GU80: 0 | GV80: 0 | GW80: 0 | GX80: 0 | GY80: 0 | GZ80: 0
A81: Eris / Ascendant | C81: 80.86 | D81: 115.50431 | E81: 15.575757 | N81: =SUM(N901:N927) | O81: =SUM(O901:O927) | P81: =SUM(P901:P927) | Q81: =SUM(Q901:Q927) | R81: =SUM(R901:R927) | S81: =SUM(S901:S927) | T81: =SUM(T901:T927) | U81: =SUM(U901:U927) | ... BI81: =SUM(BI901:BI927) | BK81: =SUM(BK901:BK927) | BL81: =SUM(BL901:BL927) | BM81: =SUM(BM901:BM927) | BN81: =SUM(BN901:BN927) | BO81: =SUM(BO901:BO927) | BP81: =SUM(BP901:BP927) | BQ81: =SUM(BQ901:BQ927) | BR81: =SUM(BR901:BR927) | ... DF81: =SUM(DF901:DF927) | DH81: =SUM(DH901:DH927) | DI81: =SUM(DI901:DI927) | DJ81: =SUM(DJ901:DJ927) | DK81: =SUM(DK901:DK927) | DL81: =SUM(DL901:DL927) | DM81: =SUM(DM901:DM927) | DN81: =SUM(DN901:DN927) | DO81: =SUM(DO901:DO927) | ... FC81: =SUM(FC901:FC927) | FE81: =SUM(FE901:FE927) | FF81: =SUM(FF901:FF927) | FG81: =SUM(FG901:FG927) | FH81: =SUM(FH901:FH927) | FI81: =SUM(FI901:FI927) | FJ81: =SUM(FJ901:FJ927) | FK81: =SUM(FK901:FK927) | FL81: =SUM(FL901:FL927) | ... GZ81: =SUM(GZ901:GZ927)
A84: MAIN SUMMARY (Type 1 + Type 2, linked) | N84: TYPE 1 - SCORE BY TARGET BODY | BK84: TYPE 2 - SCORE BY TARGET BODY | DH84: TYPE 1 - SCORE + TRANSIT BY TARGET BODY | FE84: TYPE 2 - SCORE + TRANSIT BY TARGET BODY
N85: Ceres | O85: Chiron | P85: Eris | Q85: Juno | R85: Jupiter | S85: Ketu | T85: Mars | U85: Mercury | V85: Moon | W85: Neptune | X85: Pallas | Y85: Pluto | Z85: Rahu | AA85: Saturn | AB85: Sun | AC85: Uranus | AD85: Venus | AE85: Vesta | AF85: equator | AG85: Gonggong | AH85: Haumea | AI85: Makemake | AJ85: Orcus | AK85: Quaoar | AL85: Sedna | AM85: Transpluto | AN85: Aldebaran | AO85: Antares | AP85: Fomalhaut | AQ85: Regulus | AR85: Algol | AS85: Pleiades | AT85: Capella | AU85: Sirius | AV85: Procyon | AW85: Alkaid | AX85: Algorab | AY85: Spica | AZ85: Arcturus | BA85: Alphecca | BB85: Vega | BC85: Deneb Algedi | BD85: Rigel | BE85: Betelgeuse | BF85: Polaris | BG85: Castor | BH85: Altair | BI85: Bellatrix | BK85: Ceres | BL85: Chiron | BM85: Eris | BN85: Juno | BO85: Jupiter | BP85: Ketu | BQ85: Mars | BR85: Mercury | BS85: Moon | BT85: Neptune | BU85: Pallas | BV85: Pluto | BW85: Rahu | BX85: Saturn | BY85: Sun | BZ85: Uranus | CA85: Venus | CB85: Vesta | CC85: equator | CD85: Gonggong | CE85: Haumea | CF85: Makemake | CG85: Orcus | CH85: Quaoar | CI85: Sedna | CJ85: Transpluto | CK85: Aldebaran | CL85: Antares | CM85: Fomalhaut | CN85: Regulus | CO85: Algol | CP85: Pleiades | CQ85: Capella | CR85: Sirius | CS85: Procyon | CT85: Alkaid | CU85: Algorab | CV85: Spica | CW85: Arcturus | CX85: Alphecca | CY85: Vega | CZ85: Deneb Algedi | DA85: Rigel | DB85: Betelgeuse | DC85: Polaris | DD85: Castor | DE85: Altair | DF85: Bellatrix | DH85: Ceres | DI85: Chiron | DJ85: Eris | DK85: Juno | DL85: Jupiter | DM85: Ketu | DN85: Mars | DO85: Mercury | DP85: Moon | DQ85: Neptune | DR85: Pallas | DS85: Pluto | DT85: Rahu | DU85: Saturn | DV85: Sun | DW85: Uranus | DX85: Venus | DY85: Vesta | DZ85: equator | EA85: Gonggong | EB85: Haumea | EC85: Makemake | ED85: Orcus | EE85: Quaoar | EF85: Sedna | EG85: Transpluto | EH85: Aldebaran | EI85: Antares | EJ85: Fomalhaut | EK85: Regulus | EL85: Algol | EM85: Pleiades | EN85: Capella | EO85: Sirius | EP85: Procyon | EQ85: Alkaid | ER85: Algorab | ES85: Spica | ET85: Arcturus | EU85: Alphecca | EV85: Vega | EW85: Deneb Algedi | EX85: Rigel | EY85: Betelgeuse | EZ85: Polaris | FA85: Castor | FB85: Altair | FC85: Bellatrix | FE85: Ceres | FF85: Chiron | FG85: Eris | FH85: Juno | FI85: Jupiter | FJ85: Ketu | FK85: Mars | FL85: Mercury | FM85: Moon | FN85: Neptune | FO85: Pallas | FP85: Pluto | FQ85: Rahu | FR85: Saturn | FS85: Sun | FT85: Uranus | FU85: Venus | FV85: Vesta | FW85: equator | FX85: Gonggong | FY85: Haumea | FZ85: Makemake | GA85: Orcus | GB85: Quaoar | GC85: Sedna | GD85: Transpluto | GE85: Aldebaran | GF85: Antares | GG85: Fomalhaut | GH85: Regulus | GI85: Algol | GJ85: Pleiades | GK85: Capella | GL85: Sirius | GM85: Procyon | GN85: Alkaid | GO85: Algorab | GP85: Spica | GQ85: Arcturus | GR85: Alphecca | GS85: Vega | GT85: Deneb Algedi | GU85: Rigel | GV85: Betelgeuse | GW85: Polaris | GX85: Castor | GY85: Altair | GZ85: Bellatrix
N86: 39.61 | O86: 734.77 | P86: 70.86 | Q86: 265.94 | R86: 305.76 | S86: 188.94 | T86: 533.26 | V86: 70.44 | W86: 411.5 | X86: 118.51 | Z86: 139.29 | AA86: 73.7 | AB86: 293.95 | AC86: 115.33 | AD86: 103.14 | AE86: 125.58 | AH86: 123.08 | AJ86: 256.96 | AL86: 144.11 | AQ86: 84.9 | AT86: 338.07 | AU86: 310.52 | AV86: 392.86 | AW86: 276.88 | AY86: 149.11 | AZ86: 365.18 | BA86: 77.58 | BB86: 143.97 | BC86: 163.85 | BD86: 248.71 | BE86: 250.63 | BF86: 233.8 | BH86: 221.21 | BI86: 179.84 | BK86: 297.6 | BL86: 57.74 | BM86: 373.69 | BN86: 314.15 | BO86: 377.91 | BP86: 295.32 | BQ86: 94.42 | BR86: 277.91 | BS86: 201.98 | BT86: 459.56 | BU86: 305.01 | BW86: 678.04 | BY86: 600.23 | BZ86: 280.09 | CB86: 523.31 | CD86: 162.59 | CE86: 641.23 | CG86: 624.16 | CI86: 315.71 | CJ86: 316.9 | CK86: 364.67 | CM86: 86.47 | CN86: 145.17 | CQ86: 224.87 | CR86: 75.2 | CS86: 197.53 | CT86: 182.66 | CV86: 901.74 | CW86: 127.75 | CX86: 114.9 | CY86: 197.05 | CZ86: 671.43 | DA86: 77.24 | DB86: 278.99 | DE86: 378.8 | DF86: 287.29 | DH86: 39.61 | DI86: 870.04 | DJ86: 70.86 | DK86: 361.45 | DL86: 305.76 | DM86: 188.94 | DN86: 533.26 | DP86: 70.44 | DQ86: 411.5 | DR86: 212.72 | DT86: 139.29 | DU86: 73.7 | DV86: 293.95 | DW86: 115.33 | DX86: 183.18 | DY86: 125.58 | EB86: 123.08 | ED86: 256.96 | EF86: 144.11 | EK86: 173.26 | EN86: 524.26 | EO86: 630.61 | EP86: 614.92 | EQ86: 478.81 | ES86: 237.41 | ET86: 591.73 | EU86: 173.41 | EV86: 311.55 | EW86: 245.06 | EX86: 343.46 | EY86: 540.99 | EZ86: 327.68 | FB86: 341.73 | FC86: 274.05 | FE86: 297.6 | FF86: 97.67 | FG86: 373.69 | FH86: 481.8 | FI86: 377.91 | FJ86: 324.02 | FK86: 94.42 | FL86: 361.74 | FM86: 204.93 | FN86: 553.77 | FO86: 494.51 | FQ86: 706.75 | FS86: 761.4 | FT86: 551.24 | FV86: 604.17 | FX86: 360.85 | FY86: 726.58 | GA86: 1021.32 | GC86: 423.15 | GD86: 412.42 | GE86: 364.67 | GG86: 286.47 | GH86: 145.17 | GK86: 273.21 | GL86: 123.54 | GM86: 290.07 | GN86: 195.45 | GP86: 1067.95 | GQ86: 211.57 | GR86: 163.24 | GS86: 335.26 | GT86: 950.55 | GU86: 171.99 | GV86: 333.24 | GY86: 407.51 | GZ86: 542.43
A88: PAIR | B88: Ketu / Rahu | C88: RA Score | D88: 100 | E88: Dec Score
A89: NATAL-TO-NATAL -- Whole Number -- | J89: 100
A90: Relation | B90: From | C90: To | D90: Mode | E90: Distance | F90: Score | G90: Match | H90: Match Partner | I90: NN / TN | J90: Transit Score | K90: Rule | L90: Linking Body | M90: Transit Dist
A91: convergence (bonus) | B91: Rahu | C91: Altair | D91: Dec | E91: 32.0006 | F91: 94.56 | I91: NN | K91: Type 2: main avg >= 30; linked via source recurrence (Ketu, Rahu) (bonus row) | L91: Ketu, Rahu | M91: 6.390653 | BW91: 94.56 | DE91: 94.56 | FQ91: 94.56 | GY91: 94.56
A92: NATAL-TO-NATAL -- Golden Ratio --
A93: Relation | B93: From | C93: To | D93: Mode | E93: Distance | F93: Score | G93: Match | H93: Match Partner | I93: NN / TN | J93: Transit Score | K93: Rule | L93: Linking Body | M93: Transit Dist
A94: convergence (bonus) | B94: Rahu | C94: Fomalhaut | D94: Dec | E94: 6.4902 | F94: 19.43 | I94: NN | K94: Type 2: main avg >= 30; linked via source recurrence (Ketu, Rahu) (bonus row) | L94: Ketu, Rahu | M94: 6.390653 | BW94: 19.43 | CM94: 19.43 | FQ94: 19.43 | GG94: 19.43
A95: NATAL-TO-NATAL -- Phi Powers -- | J95: 14.35
A96: Relation | B96: From | C96: To | D96: Mode | E96: Distance | F96: Score | G96: Match | H96: Match Partner | I96: NN / TN | J96: Transit Score | K96: Rule | L96: Linking Body | M96: Transit Dist
A97: convergence | B97: Ketu | C97: Sun | D97: RA | E97: 162.0787 | F97: 43.53 | G97: MATCH | H97: Rahu | I97: NN | J97: 14.35 | K97: Type 2: main avg >= 30; linked via source recurrence (Ketu, Rahu) | L97: Ketu, Rahu | M97: 180 | BP97: 43.53 | BY97: 43.53 | FJ97: 57.88 | FS97: 57.88
A98: convergence | B98: Rahu | C98: Sun | D98: RA | E98: 17.9213 | F98: 55.42 | G98: MATCH | H98: Ketu | I98: NN | J98: 14.35 | K98: Type 2: main avg >= 30; linked via source recurrence (Ketu, Rahu) | L98: Ketu, Rahu | M98: 180 | BW98: 55.42 | BY98: 55.42 | FQ98: 69.77 | FS98: 69.77
A99: convergence | B99: Ketu | C99: Altair | D99: RA | E99: 162.0854 | F99: 42.43 | G99: MATCH | H99: Rahu | I99: NN | J99: 14.35 | K99: Type 2: main avg >= 30; linked via source recurrence (Ketu, Rahu) | L99: Ketu, Rahu | M99: 180 | BP99: 42.43 | DE99: 42.43 | FJ99: 56.78 | GY99: 56.78
A100: convergence | B100: Rahu | C100: Altair | D100: RA | E100: 17.9146 | F100: 44.73 | G100: MATCH | H100: Ketu | I100: NN | J100: 14.35 | K100: Type 2: main avg >= 30; linked via source recurrence (Ketu, Rahu) | L100: Ketu, Rahu | M100: 180 | BW100: 44.73 | DE100: 44.73 | FQ100: 59.09 | GY100: 59.09
A101: TRANSIT-TO-NATAL -- Whole Number -- | J101: 100
A102: Relation | B102: From | C102: To | D102: Mode | E102: Distance | F102: Score | G102: Match | H102: Match Partner | I102: NN / TN | J102: Transit Score | K102: Rule | L102: Linking Body | M102: Transit Dist
A103: convergence | B103: Ketu | C103: Orcus | D103: RA | E103: 123.9944 | F103: 51.64 | G103: MATCH | H103: Rahu | I103: TN | J103: 100 | K103: Type 2: main avg >= 30; linked via source recurrence (Ketu, Rahu) | L103: Ketu, Rahu | M103: 180 | CG103: 51.64 | GA103: 151.64
A104: convergence | B104: Rahu | C104: Orcus | D104: RA | E104: 56.0056 | F104: 51.64 | G104: MATCH | H104: Ketu | I104: TN | J104: 100 | K104: Type 2: main avg >= 30; linked via source recurrence (Ketu, Rahu) | L104: Ketu, Rahu | M104: 180 | CG104: 51.64 | GA104: 151.64
A105: convergence | B105: Ketu | C105: Fomalhaut | D105: RA | E105: 22.9916 | F105: 33.52 | G105: MATCH | H105: Rahu | I105: TN | J105: 100 | K105: Type 2: main avg >= 30; linked via source recurrence (Ketu, Rahu) | L105: Ketu, Rahu | M105: 180 | CM105: 33.52 | GG105: 133.52
...

Sheet P02
A1: Frankie Dettori | N1: SELF / DIRECT / CROSS HITS BY BODY | BK1: MATCH HITS BY BODY | DH1: SELF / DIRECT / CROSS (+ transit pair vibration score) | FE1: MATCH (+ transit pair vibration score)
A2: ascot 14:35 [v2.5] | N2: Ceres | O2: Chiron | P2: Eris | Q2: Juno | R2: Jupiter | S2: Ketu | T2: Mars | U2: Mercury | V2: Moon | W2: Neptune | X2: Pallas | Y2: Pluto | Z2: Rahu | AA2: Saturn | AB2: Sun | AC2: Uranus | AD2: Venus | AE2: Vesta | AF2: equator | AG2: Gonggong | AH2: Haumea | AI2: Makemake | AJ2: Orcus | AK2: Quaoar | AL2: Sedna | AM2: Transpluto | AN2: Aldebaran | AO2: Antares | AP2: Fomalhaut | AQ2: Regulus | AR2: Algol | AS2: Pleiades | AT2: Capella | AU2: Sirius | AV2: Procyon | AW2: Alkaid | AX2: Algorab | AY2: Spica | AZ2: Arcturus | BA2: Alphecca | BB2: Vega | BC2: Deneb Algedi | BD2: Rigel | BE2: Betelgeuse | BF2: Polaris | BG2: Castor | BH2: Altair | BI2: Bellatrix | BK2: Ceres | BL2: Chiron | BM2: Eris | BN2: Juno | BO2: Jupiter | BP2: Ketu | BQ2: Mars | BR2: Mercury | BS2: Moon | BT2: Neptune | BU2: Pallas | BV2: Pluto | BW2: Rahu | BX2: Saturn | BY2: Sun | BZ2: Uranus | CA2: Venus | CB2: Vesta | CC2: equator | CD2: Gonggong | CE2: Haumea | CF2: Makemake | CG2: Orcus | CH2: Quaoar | CI2: Sedna | CJ2: Transpluto | CK2: Aldebaran | CL2: Antares | CM2: Fomalhaut | CN2: Regulus | CO2: Algol | CP2: Pleiades | CQ2: Capella | CR2: Sirius | CS2: Procyon | CT2: Alkaid | CU2: Algorab | CV2: Spica | CW2: Arcturus | CX2: Alphecca | CY2: Vega | CZ2: Deneb Algedi | DA2: Rigel | DB2: Betelgeuse | DC2: Polaris | DD2: Castor | DE2: Altair | DF2: Bellatrix | DH2: Ceres | DI2: Chiron | DJ2: Eris | DK2: Juno | DL2: Jupiter | DM2: Ketu | DN2: Mars | DO2: Mercury | DP2: Moon | DQ2: Neptune | DR2: Pallas | DS2: Pluto | DT2: Rahu | DU2: Saturn | DV2: Sun | DW2: Uranus | DX2: Venus | DY2: Vesta | DZ2: equator | EA2: Gonggong | EB2: Haumea | EC2: Makemake | ED2: Orcus | EE2: Quaoar | EF2: Sedna | EG2: Transpluto | EH2: Aldebaran | EI2: Antares | EJ2: Fomalhaut | EK2: Regulus | EL2: Algol | EM2: Pleiades | EN2: Capella | EO2: Sirius | EP2: Procyon | EQ2: Alkaid | ER2: Algorab | ES2: Spica | ET2: Arcturus | EU2: Alphecca | EV2: Vega | EW2: Deneb Algedi | EX2: Rigel | EY2: Betelgeuse | EZ2: Polaris | FA2: Castor | FB2: Altair | FC2: Bellatrix | FE2: Ceres | FF2: Chiron | FG2: Eris | FH2: Juno | FI2: Jupiter | FJ2: Ketu | FK2: Mars | FL2: Mercury | FM2: Moon | FN2: Neptune | FO2: Pallas | FP2: Pluto | FQ2: Rahu | FR2: Saturn | FS2: Sun | FT2: Uranus | FU2: Venus | FV2: Vesta | FW2: equator | FX2: Gonggong | FY2: Haumea | FZ2: Makemake | GA2: Orcus | GB2: Quaoar | GC2: Sedna | GD2: Transpluto | GE2: Aldebaran | GF2: Antares | GG2: Fomalhaut | GH2: Regulus | GI2: Algol | GJ2: Pleiades | GK2: Capella | GL2: Sirius | GM2: Procyon | GN2: Alkaid | GO2: Algorab | GP2: Spica | GQ2: Arcturus | GR2: Alphecca | GS2: Vega | GT2: Deneb Algedi | GU2: Rigel | GV2: Betelgeuse | GW2: Polaris | GX2: Castor | GY2: Altair | GZ2: Bellatrix
N3: 22.37 | O3: 133.86 | Q3: 112.72 | R3: 246.5 | S3: 251.56 | T3: 155.01 | W3: 92.88 | X3: 313.52 | Z3: 205.15 | AA3: 143.35 | AB3: 1062.77 | AC3: 120.1 | AD3: 63.8 | AE3: 546.72 | AG3: 26.69 | AH3: 289.13 | AI3: 148.34 | AJ3: 128.77 | AL3: 572.05 | AN3: 89.58 | AO3: 172.69 | AP3: 188.3 | AQ3: 151 | AT3: 280.59 | AU3: 549.22 | AV3: 527.8 | AW3: 210.2 | AY3: 410.65 | AZ3: 214.32 | BA3: 84.99 | BB3: 247.45 | BC3: 282.62 | BD3: 148.88 | BE3: 285.2 | BF3: 56.95 | BG3: 99.45 | BH3: 251.8 | BI3: 94.67 | BK3: 40.08 | BL3: 229.9 | BN3: 539.87 | BQ3: 120.05 | BR3: 122.64 | BT3: 18.77 | BU3: 232.92 | BV3: 101.89 | BW3: 245.9 | BX3: 77.58 | BY3: 148.99 | BZ3: 111.46 | CA3: 626.87 | CB3: 333.73 | CD3: 228.04 | CE3: 148.01 | CG3: 188.12 | CH3: 582.21 | CI3: 384.91 | CJ3: 169.77 | CK3: 183.44 | CL3: 58.05 | CM3: 36.96 | CN3: 164.74 | CO3: 283.81 | CP3: 7.41 | CQ3: 113.3 | CR3: 68.34 | CT3: 10.45 | CV3: 484.34 | CX3: 275.12 | CY3: 166.68 | CZ3: 165.67 | DA3: 211.16 | DB3: 262 | DC3: 60.2 | DF3: 208.71 | DH3: 22.37 | DI3: 173.8 | DK3: 112.72 | DL3: 260.11 | DM3: 255.11 | DN3: 155.01 | DQ3: 92.88 | DR3: 313.52 | DT3: 354.45 | DU3: 225.99 | DV3: 1290.27 | DW3: 120.1 | DX3: 63.8 | DY3: 745.99 | EA3: 26.69 | EB3: 289.13 | EC3: 232.57 | ED3: 128.77 | EF3: 811.86 | EH3: 178.8 | EI3: 268.24 | EJ3: 402.81 | EK3: 239.36 | EN3: 466.78 | EO3: 1038.14 | EP3: 973.62 | EQ3: 412.13 | ES3: 844.85 | ET3: 429.18 | EU3: 180.82 | EV3: 510.31 | EW3: 560.39 | EX3: 243.63 | EY3: 575.3 | EZ3: 247.05 | FA3: 194.43 | FB3: 452.48 | FC3: 188.88 | FE3: 211.12 | FF3: 229.9 | FH3: 739.56 | FK3: 291.09 | FL3: 130.69 | FN3: 218.46 | FO3: 232.92 | FP3: 298.08 | FQ3: 624.67 | FR3: 263.98 | FS3: 168.42 | FT3: 159.8 | FU3: 1210.9 | FV3: 715.61 | FX3: 276.39 | FY3: 196.36 | GA3: 188.12 | GB3: 1014.59 | GC3: 888.52 | GD3: 346.05 | GE3: 183.44 | GF3: 106.4 | GG3: 236.96 | GH3: 400.81 | GI3: 516.59 | GJ3: 7.41 | GK3: 348.05 | GL3: 116.68 | GN3: 10.45 | GP3: 666.96 | GR3: 323.47 | GS3: 215.02 | GT3: 364.94 | GU3: 211.16 | GV3: 496.75 | GW3: 256.37 | GZ3: 393.89
A5: QUALIFYING CORE PAIRS (score >= 80)
A6: Pair | B6: RA Score | C6: Dec Score | D6: RA Dist | E6: Dec Dist
A7: MAX | N7: =MAX(N8:N62) | O7: =MAX(O8:O62) | P7: =MAX(P8:P62) | Q7: =MAX(Q8:Q62) | R7: =MAX(R8:R62) | S7: =MAX(S8:S62) | T7: =MAX(T8:T62) | U7: =MAX(U8:U62) | ... BI7: =MAX(BI8:BI62) | BK7: =MAX(BK8:BK62) | BL7: =MAX(BL8:BL62) | BM7: =MAX(BM8:BM62) | BN7: =MAX(BN8:BN62) | BO7: =MAX(BO8:BO62) | BP7: =MAX(BP8:BP62) | BQ7: =MAX(BQ8:BQ62) | BR7: =MAX(BR8:BR62) | ... DF7: =MAX(DF8:DF62) | DH7: =MAX(DH8:DH62) | DI7: =MAX(DI8:DI62) | DJ7: =MAX(DJ8:DJ62) | DK7: =MAX(DK8:DK62) | DL7: =MAX(DL8:DL62) | DM7: =MAX(DM8:DM62) | DN7: =MAX(DN8:DN62) | DO7: =MAX(DO8:DO62) | ... FC7: =MAX(FC8:FC62) | FE7: =MAX(FE8:FE62) | FF7: =MAX(FF8:FF62) | FG7: =MAX(FG8:FG62) | FH7: =MAX(FH8:FH62) | FI7: =MAX(FI8:FI62) | FJ7: =MAX(FJ8:FJ62) | FK7: =MAX(FK8:FK62) | FL7: =MAX(FL8:FL62) | ... GZ7: =MAX(GZ8:GZ62)
A8: Ketu / Rahu | B8: 100 | D8: 180 | E8: 6.390653 | N8: =SUM(N88:N95) | O8: =SUM(O88:O95) | P8: =SUM(P88:P95) | Q8: =SUM(Q88:Q95) | R8: =SUM(R88:R95) | S8: =SUM(S88:S95) | T8: =SUM(T88:T95) | U8: =SUM(U88:U95) | ... BI8: =SUM(BI88:BI95) | BK8: =SUM(BK88:BK95) | BL8: =SUM(BL88:BL95) | BM8: =SUM(BM88:BM95) | BN8: =SUM(BN88:BN95) | BO8: =SUM(BO88:BO95) | BP8: =SUM(BP88:BP95) | BQ8: =SUM(BQ88:BQ95) | BR8: =SUM(BR88:BR95) | ... DF8: =SUM(DF88:DF95) | DH8: =SUM(DH88:DH95) | DI8: =SUM(DI88:DI95) | DJ8: =SUM(DJ88:DJ95) | DK8: =SUM(DK88:DK95) | DL8: =SUM(DL88:DL95) | DM8: =SUM(DM88:DM95) | DN8: =SUM(DN88:DN95) | DO8: =SUM(DO88:DO95) | ... FC8: =SUM(FC88:FC95) | FE8: =SUM(FE88:FE95) | FF8: =SUM(FF88:FF95) | FG8: =SUM(FG88:FG95) | FH8: =SUM(FH88:FH95) | FI8: =SUM(FI88:FI95) | FJ8: =SUM(FJ88:FJ95) | FK8: =SUM(FK88:FK95) | FL8: =SUM(FL88:FL95) | ... GZ8: =SUM(GZ88:GZ95)
A9: Ketu / Vesta | B9: 3.54 | C9: 99.63 | D9: 118.77098 | E9: 24.142358 | N9: =SUM(N114:N142) | O9: =SUM(O114:O142) | P9: =SUM(P114:P142) | Q9: =SUM(Q114:Q142) | R9: =SUM(R114:R142) | S9: =SUM(S114:S142) | T9: =SUM(T114:T142) | U9: =SUM(U114:U142) | ... BI9: =SUM(BI114:BI142) | BK9: =SUM(BK114:BK142) | BL9: =SUM(BL114:BL142) | BM9: =SUM(BM114:BM142) | BN9: =SUM(BN114:BN142) | BO9: =SUM(BO114:BO142) | BP9: =SUM(BP114:BP142) | BQ9: =SUM(BQ114:BQ142) | BR9: =SUM(BR114:BR142) | ... DF9: =SUM(DF114:DF142) | DH9: =SUM(DH114:DH142) | DI9: =SUM(DI114:DI142) | DJ9: =SUM(DJ114:DJ142) | DK9: =SUM(DK114:DK142) | DL9: =SUM(DL114:DL142) | DM9: =SUM(DM114:DM142) | DN9: =SUM(DN114:DN142) | DO9: =SUM(DO114:DO142) | ... FC9: =SUM(FC114:FC142) | FE9: =SUM(FE114:FE142) | FF9: =SUM(FF114:FF142) | FG9: =SUM(FG114:FG142) | FH9: =SUM(FH114:FH142) | FI9: =SUM(FI114:FI142) | FJ9: =SUM(FJ114:FJ142) | FK9: =SUM(FK114:FK142) | FL9: =SUM(FL114:FL142) | ... GZ9: =SUM(GZ114:GZ142)
A10: Neptune / Capella | C10: 99.61 | D10: 142.27988 | E10: 66.667118 | N10: =SUM(N144:N147) | O10: =SUM(O144:O147) | P10: =SUM(P144:P147) | Q10: =SUM(Q144:Q147) | R10: =SUM(R144:R147) | S10: =SUM(S144:S147) | T10: =SUM(T144:T147) | U10: =SUM(U144:U147) | ... BI10: =SUM(BI144:BI147) | BK10: =SUM(BK144:BK147) | BL10: =SUM(BL144:BL147) | BM10: =SUM(BM144:BM147) | BN10: =SUM(BN144:BN147) | BO10: =SUM(BO144:BO147) | BP10: =SUM(BP144:BP147) | BQ10: =SUM(BQ144:BQ147) | BR10: =SUM(BR144:BR147) | ... DF10: =SUM(DF144:DF147) | DH10: =SUM(DH144:DH147) | DI10: =SUM(DI144:DI147) | DJ10: =SUM(DJ144:DJ147) | DK10: =SUM(DK144:DK147) | DL10: =SUM(DL144:DL147) | DM10: =SUM(DM144:DM147) | DN10: =SUM(DN144:DN147) | DO10: =SUM(DO144:DO147) | ... FC10: =SUM(FC144:FC147) | FE10: =SUM(FE144:FE147) | FF10: =SUM(FF144:FF147) | FG10: =SUM(FG144:FG147) | FH10: =SUM(FH144:FH147) | FI10: =SUM(FI144:FI147) | FJ10: =SUM(FJ144:FJ147) | FK10: =SUM(FK144:FK147) | FL10: =SUM(FL144:FL147) | ... GZ10: =SUM(GZ144:GZ147)
A11: Chiron / Sun | B11: 99.13 | D11: 11.11058 | E11: 5.828722 | N11: =SUM(N149:N172) | O11: =SUM(O149:O172) | P11: =SUM(P149:P172) | Q11: =SUM(Q149:Q172) | R11: =SUM(R149:R172) | S11: =SUM(S149:S172) | T11: =SUM(T149:T172) | U11: =SUM(U149:U172) | ... BI11: =SUM(BI149:BI172) | BK11: =SUM(BK149:BK172) | BL11: =SUM(BL149:BL172) | BM11: =SUM(BM149:BM172) | BN11: =SUM(BN149:BN172) | BO11: =SUM(BO149:BO172) | BP11: =SUM(BP149:BP172) | BQ11: =SUM(BQ149:BQ172) | BR11: =SUM(BR149:BR172) | ... DF11: =SUM(DF149:DF172) | DH11: =SUM(DH149:DH172) | DI11: =SUM(DI149:DI172) | DJ11: =SUM(DJ149:DJ172) | DK11: =SUM(DK149:DK172) | DL11: =SUM(DL149:DL172) | DM11: =SUM(DM149:DM172) | DN11: =SUM(DN149:DN172) | DO11: =SUM(DO149:DO172) | ... FC11: =SUM(FC149:FC172) | FE11: =SUM(FE149:FE172) | FF11: =SUM(FF149:FF172) | FG11: =SUM(FG149:FG172) | FH11: =SUM(FH149:FH172) | FI11: =SUM(FI149:FI172) | FJ11: =SUM(FJ149:FJ172) | FK11: =SUM(FK149:FK172) | FL11: =SUM(FL149:FL172) | ... GZ11: =SUM(GZ149:GZ172)
A12: Saturn / Vesta | B12: 98.1 | D12: 115.96524 | E12: 20.083771 | N12: =SUM(N174:N205) | O12: =SUM(O174:O205) | P12: =SUM(P174:P205) | Q12: =SUM(Q174:Q205) | R12: =SUM(R174:R205) | S12: =SUM(S174:S205) | T12: =SUM(T174:T205) | U12: =SUM(U174:U205) | ... BI12: =SUM(BI174:BI205) | BK12: =SUM(BK174:BK205) | BL12: =SUM(BL174:BL205) | BM12: =SUM(BM174:BM205) | BN12: =SUM(BN174:BN205) | BO12: =SUM(BO174:BO205) | BP12: =SUM(BP174:BP205) | BQ12: =SUM(BQ174:BQ205) | BR12: =SUM(BR174:BR205) | ... DF12: =SUM(DF174:DF205) | DH12: =SUM(DH174:DH205) | DI12: =SUM(DI174:DI205) | DJ12: =SUM(DJ174:DJ205) | DK12: =SUM(DK174:DK205) | DL12: =SUM(DL174:DL205) | DM12: =SUM(DM174:DM205) | DN12: =SUM(DN174:DN205) | DO12: =SUM(DO174:DO205) | ... FC12: =SUM(FC174:FC205) | FE12: =SUM(FE174:FE205) | FF12: =SUM(FF174:FF205) | FG12: =SUM(FG174:FG205) | FH12: =SUM(FH174:FH205) | FI12: =SUM(FI174:FI205) | FJ12: =SUM(FJ174:FJ205) | FK12: =SUM(FK174:FK205) | FL12: =SUM(FL174:FL205) | ... GZ12: =SUM(GZ174:GZ205)
A13: Eris / Haumea | C13: 97.87 | D13: 169.95967 | E13: 29.124959 | N13: =SUM(N218:N221) | O13: =SUM(O218:O221) | P13: =SUM(P218:P221) | Q13: =SUM(Q218:Q221) | R13: =SUM(R218:R221) | S13: =SUM(S218:S221) | T13: =SUM(T218:T221) | U13: =SUM(U218:U221) | ... BI13: =SUM(BI218:BI221) | BK13: =SUM(BK218:BK221) | BL13: =SUM(BL218:BL221) | BM13: =SUM(BM218:BM221) | BN13: =SUM(BN218:BN221) | BO13: =SUM(BO218:BO221) | BP13: =SUM(BP218:BP221) | BQ13: =SUM(BQ218:BQ221) | BR13: =SUM(BR218:BR221) | ... DF13: =SUM(DF218:DF221) | DH13: =SUM(DH218:DH221) | DI13: =SUM(DI218:DI221) | DJ13: =SUM(DJ218:DJ221) | DK13: =SUM(DK218:DK221) | DL13: =SUM(DL218:DL221) | DM13: =SUM(DM218:DM221) | DN13: =SUM(DN218:DN221) | DO13: =SUM(DO218:DO221) | ... FC13: =SUM(FC218:FC221) | FE13: =SUM(FE218:FE221) | FF13: =SUM(FF218:FF221) | FG13: =SUM(FG218:FG221) | FH13: =SUM(FH218:FH221) | FI13: =SUM(FI218:FI221) | FJ13: =SUM(FJ218:FJ221) | FK13: =SUM(FK218:FK221) | FL13: =SUM(FL218:FL221) | ... GZ13: =SUM(GZ218:GZ221)
A14: Pallas / Fomalhaut | B14: 97.81 | D14: 111.12451 | E14: 38.904994 | N14: =SUM(N223:N247) | O14: =SUM(O223:O247) | P14: =SUM(P223:P247) | Q14: =SUM(Q223:Q247) | R14: =SUM(R223:R247) | S14: =SUM(S223:S247) | T14: =SUM(T223:T247) | U14: =SUM(U223:U247) | ... BI14: =SUM(BI223:BI247) | BK14: =SUM(BK223:BK247) | BL14: =SUM(BL223:BL247) | BM14: =SUM(BM223:BM247) | BN14: =SUM(BN223:BN247) | BO14: =SUM(BO223:BO247) | BP14: =SUM(BP223:BP247) | BQ14: =SUM(BQ223:BQ247) | BR14: =SUM(BR223:BR247) | ... DF14: =SUM(DF223:DF247) | DH14: =SUM(DH223:DH247) | DI14: =SUM(DI223:DI247) | DJ14: =SUM(DJ223:DJ247) | DK14: =SUM(DK223:DK247) | DL14: =SUM(DL223:DL247) | DM14: =SUM(DM223:DM247) | DN14: =SUM(DN223:DN247) | DO14: =SUM(DO223:DO247) | ... FC14: =SUM(FC223:FC247) | FE14: =SUM(FE223:FE247) | FF14: =SUM(FF223:FF247) | FG14: =SUM(FG223:FG247) | FH14: =SUM(FH223:FH247) | FI14: =SUM(FI223:FI247) | FJ14: =SUM(FJ223:FJ247) | FK14: =SUM(FK223:FK247) | FL14: =SUM(FL223:FL247) | ... GZ14: =SUM(GZ223:GZ247)
A15: Moon / Venus | B15: 96.37 | C15: 93.74 | D15: 122.19603 | E15: 6.181323 | N15: 0 | O15: 0 | P15: 0 | Q15: 0 | R15: 0 | S15: 0 | T15: 0 | U15: 0 | V15: 0 | W15: 0 | X15: 0 | Y15: 0 | Z15: 0 | AA15: 0 | AB15: 0 | AC15: 0 | AD15: 0 | AE15: 0 | AF15: 0 | AG15: 0 | AH15: 0 | AI15: 0 | AJ15: 0 | AK15: 0 | AL15: 0 | AM15: 0 | AN15: 0 | AO15: 0 | AP15: 0 | AQ15: 0 | AR15: 0 | AS15: 0 | AT15: 0 | AU15: 0 | AV15: 0 | AW15: 0 | AX15: 0 | AY15: 0 | AZ15: 0 | BA15: 0 | BB15: 0 | BC15: 0 | BD15: 0 | BE15: 0 | BF15: 0 | BG15: 0 | BH15: 0 | BI15: 0 | BK15: 0 | BL15: 0 | BM15: 0 | BN15: 0 | BO15: 0 | BP15: 0 | BQ15: 0 | BR15: 0 | BS15: 0 | BT15: 0 | BU15: 0 | BV15: 0 | BW15: 0 | BX15: 0 | BY15: 0 | BZ15: 0 | CA15: 0 | CB15: 0 | CC15: 0 | CD15: 0 | CE15: 0 | CF15: 0 | CG15: 0 | CH15: 0 | CI15: 0 | CJ15: 0 | CK15: 0 | CL15: 0 | CM15: 0 | CN15: 0 | CO15: 0 | CP15: 0 | CQ15: 0 | CR15: 0 | CS15: 0 | CT15: 0 | CU15: 0 | CV15: 0 | CW15: 0 | CX15: 0 | CY15: 0 | CZ15: 0 | DA15: 0 | DB15: 0 | DC15: 0 | DD15: 0 | DE15: 0 | DF15: 0 | DH15: 0 | DI15: 0 | DJ15: 0 | DK15: 0 | DL15: 0 | DM15: 0 | DN15: 0 | DO15: 0 | DP15: 0 | DQ15: 0 | DR15: 0 | DS15: 0 | DT15: 0 | DU15: 0 | DV15: 0 | DW15: 0 | DX15: 0 | DY15: 0 | DZ15: 0 | EA15: 0 | EB15: 0 | EC15: 0 | ED15: 0 | EE15: 0 | EF15: 0 | EG15: 0 | EH15: 0 | EI15: 0 | EJ15: 0 | EK15: 0 | EL15: 0 | EM15: 0 | EN15: 0 | EO15: 0 | EP15: 0 | EQ15: 0 | ER15: 0 | ES15: 0 | ET15: 0 | EU15: 0 | EV15: 0 | EW15: 0 | EX15: 0 | EY15: 0 | EZ15: 0 | FA15: 0 | FB15: 0 | FC15: 0 | FE15: 0 | FF15: 0 | FG15: 0 | FH15: 0 | FI15: 0 | FJ15: 0 | FK15: 0 | FL15: 0 | FM15: 0 | FN15: 0 | FO15: 0 | FP15: 0 | FQ15: 0 | FR15: 0 | FS15: 0 | FT15: 0 | FU15: 0 | FV15: 0 | FW15: 0 | FX15: 0 | FY15: 0 | FZ15: 0 | GA15: 0 | GB15: 0 | GC15: 0 | GD15: 0 | GE15: 0 | GF15: 0 | GG15: 0 | GH15: 0 | GI15: 0 | GJ15: 0 | GK15: 0 | GL15: 0 | GM15: 0 | GN15: 0 | GO15: 0 | GP15: 0 | GQ15: 0 | GR15: 0 | GS15: 0 | GT15: 0 | GU15: 0 | GV15: 0 | GW15: 0 | GX15: 0 | GY15: 0 | GZ15: 0
A16: Neptune / Polaris | B16: 96.22 | D16: 101.39789 | E16: 109.93542 | N16: 0 | O16: 0 | P16: 0 | Q16: 0 | R16: 0 | S16: 0 | T16: 0 | U16: 0 | V16: 0 | W16: 0 | X16: 0 | Y16: 0 | Z16: 0 | AA16: 0 | AB16: 0 | AC16: 0 | AD16: 0 | AE16: 0 | AF16: 0 | AG16: 0 | AH16: 0 | AI16: 0 | AJ16: 0 | AK16: 0 | AL16: 0 | AM16: 0 | AN16: 0 | AO16: 0 | AP16: 0 | AQ16: 0 | AR16: 0 | AS16: 0 | AT16: 0 | AU16: 0 | AV16: 0 | AW16: 0 | AX16: 0 | AY16: 0 | AZ16: 0 | BA16: 0 | BB16: 0 | BC16: 0 | BD16: 0 | BE16: 0 | BF16: 0 | BG16: 0 | BH16: 0 | BI16: 0 | BK16: 0 | BL16: 0 | BM16: 0 | BN16: 0 | BO16: 0 | BP16: 0 | BQ16: 0 | BR16: 0 | BS16: 0 | BT16: 0 | BU16: 0 | BV16: 0 | BW16: 0 | BX16: 0 | BY16: 0 | BZ16: 0 | CA16: 0 | CB16: 0 | CC16: 0 | CD16: 0 | CE16: 0 | CF16: 0 | CG16: 0 | CH16: 0 | CI16: 0 | CJ16: 0 | CK16: 0 | CL16: 0 | CM16: 0 | CN16: 0 | CO16: 0 | CP16: 0 | CQ16: 0 | CR16: 0 | CS16: 0 | CT16: 0 | CU16: 0 | CV16: 0 | CW16: 0 | CX16: 0 | CY16: 0 | CZ16: 0 | DA16: 0 | DB16: 0 | DC16: 0 | DD16: 0 | DE16: 0 | DF16: 0 | DH16: 0 | DI16: 0 | DJ16: 0 | DK16: 0 | DL16: 0 | DM16: 0 | DN16: 0 | DO16: 0 | DP16: 0 | DQ16: 0 | DR16: 0 | DS16: 0 | DT16: 0 | DU16: 0 | DV16: 0 | DW16: 0 | DX16: 0 | DY16: 0 | DZ16: 0 | EA16: 0 | EB16: 0 | EC16: 0 | ED16: 0 | EE16: 0 | EF16: 0 | EG16: 0 | EH16: 0 | EI16: 0 | EJ16: 0 | EK16: 0 | EL16: 0 | EM16: 0 | EN16: 0 | EO16: 0 | EP16: 0 | EQ16: 0 | ER16: 0 | ES16: 0 | ET16: 0 | EU16: 0 | EV16: 0 | EW16: 0 | EX16: 0 | EY16: 0 | EZ16: 0 | FA16: 0 | FB16: 0 | FC16: 0 | FE16: 0 | FF16: 0 | FG16: 0 | FH16: 0 | FI16: 0 | FJ16: 0 | FK16: 0 | FL16: 0 | FM16: 0 | FN16: 0 | FO16: 0 | FP16: 0 | FQ16: 0 | FR16: 0 | FS16: 0 | FT16: 0 | FU16: 0 | FV16: 0 | FW16: 0 | FX16: 0 | FY16: 0 | FZ16: 0 | GA16: 0 | GB16: 0 | GC16: 0 | GD16: 0 | GE16: 0 | GF16: 0 | GG16: 0 | GH16: 0 | GI16: 0 | GJ16: 0 | GK16: 0 | GL16: 0 | GM16: 0 | GN16: 0 | GO16: 0 | GP16: 0 | GQ16: 0 | GR16: 0 | GS16: 0 | GT16: 0 | GU16: 0 | GV16: 0 | GW16: 0 | GX16: 0 | GY16: 0 | GZ16: 0
A17: Pallas / Polaris | B17: 95.95 | D17: 164.99959 | E17: 79.978904 | N17: =SUM(N249:N255) | O17: =SUM(O249:O255) | P17: =SUM(P249:P255) | Q17: =SUM(Q249:Q255) | R17: =SUM(R249:R255) | S17: =SUM(S249:S255) | T17: =SUM(T249:T255) | U17: =SUM(U249:U255) | ... BI17: =SUM(BI249:BI255) | BK17: =SUM(BK249:BK255) | BL17: =SUM(BL249:BL255) | BM17: =SUM(BM249:BM255) | BN17: =SUM(BN249:BN255) | BO17: =SUM(BO249:BO255) | BP17: =SUM(BP249:BP255) | BQ17: =SUM(BQ249:BQ255) | BR17: =SUM(BR249:BR255) | ... DF17: =SUM(DF249:DF255) | DH17: =SUM(DH249:DH255) | DI17: =SUM(DI249:DI255) | DJ17: =SUM(DJ249:DJ255) | DK17: =SUM(DK249:DK255) | DL17: =SUM(DL249:DL255) | DM17: =SUM(DM249:DM255) | DN17: =SUM(DN249:DN255) | DO17: =SUM(DO249:DO255) | ... FC17: =SUM(FC249:FC255) | FE17: =SUM(FE249:FE255) | FF17: =SUM(FF249:FF255) | FG17: =SUM(FG249:FG255) | FH17: =SUM(FH249:FH255) | FI17: =SUM(FI249:FI255) | FJ17: =SUM(FJ249:FJ255) | FK17: =SUM(FK249:FK255) | FL17: =SUM(FL249:FL255) | ... GZ17: =SUM(GZ249:GZ255)
A18: Saturn / Orcus | B18: 95.87 | D18: 131.52127 | E18: 1.314988 | N18: =SUM(N257:N291) | O18: =SUM(O257:O291) | P18: =SUM(P257:P291) | Q18: =SUM(Q257:Q291) | R18: =SUM(R257:R291) | S18: =SUM(S257:S291) | T18: =SUM(T257:T291) | U18: =SUM(U257:U291) | ... BI18: =SUM(BI257:BI291) | BK18: =SUM(BK257:BK291) | BL18: =SUM(BL257:BL291) | BM18: =SUM(BM257:BM291) | BN18: =SUM(BN257:BN291) | BO18: =SUM(BO257:BO291) | BP18: =SUM(BP257:BP291) | BQ18: =SUM(BQ257:BQ291) | BR18: =SUM(BR257:BR291) | ... DF18: =SUM(DF257:DF291) | DH18: =SUM(DH257:DH291) | DI18: =SUM(DI257:DI291) | DJ18: =SUM(DJ257:DJ291) | DK18: =SUM(DK257:DK291) | DL18: =SUM(DL257:DL291) | DM18: =SUM(DM257:DM291) | DN18: =SUM(DN257:DN291) | DO18: =SUM(DO257:DO291) | ... FC18: =SUM(FC257:FC291) | FE18: =SUM(FE257:FE291) | FF18: =SUM(FF257:FF291) | FG18: =SUM(FG257:FG291) | FH18: =SUM(FH257:FH291) | FI18: =SUM(FI257:FI291) | FJ18: =SUM(FJ257:FJ291) | FK18: =SUM(FK257:FK291) | FL18: =SUM(FL257:FL291) | ... GZ18: =SUM(GZ257:GZ291)
A19: Juno / Arcturus | B19: 95.52 | D19: 161.82174 | E19: 21.521548 | N19: =SUM(N298:N304) | O19: =SUM(O298:O304) | P19: =SUM(P298:P304) | Q19: =SUM(Q298:Q304) | R19: =SUM(R298:R304) | S19: =SUM(S298:S304) | T19: =SUM(T298:T304) | U19: =SUM(U298:U304) | ... BI19: =SUM(BI298:BI304) | BK19: =SUM(BK298:BK304) | BL19: =SUM(BL298:BL304) | BM19: =SUM(BM298:BM304) | BN19: =SUM(BN298:BN304) | BO19: =SUM(BO298:BO304) | BP19: =SUM(BP298:BP304) | BQ19: =SUM(BQ298:BQ304) | BR19: =SUM(BR298:BR304) | ... DF19: =SUM(DF298:DF304) | DH19: =SUM(DH298:DH304) | DI19: =SUM(DI298:DI304) | DJ19: =SUM(DJ298:DJ304) | DK19: =SUM(DK298:DK304) | DL19: =SUM(DL298:DL304) | DM19: =SUM(DM298:DM304) | DN19: =SUM(DN298:DN304) | DO19: =SUM(DO298:DO304) | ... FC19: =SUM(FC298:FC304) | FE19: =SUM(FE298:FE304) | FF19: =SUM(FF298:FF304) | FG19: =SUM(FG298:FG304) | FH19: =SUM(FH298:FH304) | FI19: =SUM(FI298:FI304) | FJ19: =SUM(FJ298:FJ304) | FK19: =SUM(FK298:FK304) | FL19: =SUM(FL298:FL304) | ... GZ19: =SUM(GZ298:GZ304)
A20: Jupiter / Deneb Algedi | B20: 13.61 | C20: 95.51 | D20: 47.126954 | E20: 7.241544 | N20: =SUM(N306:N316) | O20: =SUM(O306:O316) | P20: =SUM(P306:P316) | Q20: =SUM(Q306:Q316) | R20: =SUM(R306:R316) | S20: =SUM(S306:S316) | T20: =SUM(T306:T316) | U20: =SUM(U306:U316) | ... BI20: =SUM(BI306:BI316) | BK20: =SUM(BK306:BK316) | BL20: =SUM(BL306:BL316) | BM20: =SUM(BM306:BM316) | BN20: =SUM(BN306:BN316) | BO20: =SUM(BO306:BO316) | BP20: =SUM(BP306:BP316) | BQ20: =SUM(BQ306:BQ316) | BR20: =SUM(BR306:BR316) | ... DF20: =SUM(DF306:DF316) | DH20: =SUM(DH306:DH316) | DI20: =SUM(DI306:DI316) | DJ20: =SUM(DJ306:DJ316) | DK20: =SUM(DK306:DK316) | DL20: =SUM(DL306:DL316) | DM20: =SUM(DM306:DM316) | DN20: =SUM(DN306:DN316) | DO20: =SUM(DO306:DO316) | ... FC20: =SUM(FC306:FC316) | FE20: =SUM(FE306:FE316) | FF20: =SUM(FF306:FF316) | FG20: =SUM(FG306:FG316) | FH20: =SUM(FH306:FH316) | FI20: =SUM(FI306:FI316) | FJ20: =SUM(FJ306:FJ316) | FK20: =SUM(FK306:FK316) | FL20: =SUM(FL306:FL316) | ... GZ20: =SUM(GZ306:GZ316)
A21: Venus / Vega | B21: 95.28 | D21: 133.29396 | E21: 25.223189 | N21: =SUM(N318:N321) | O21: =SUM(O318:O321) | P21: =SUM(P318:P321) | Q21: =SUM(Q318:Q321) | R21: =SUM(R318:R321) | S21: =SUM(S318:S321) | T21: =SUM(T318:T321) | U21: =SUM(U318:U321) | ... BI21: =SUM(BI318:BI321) | BK21: =SUM(BK318:BK321) | BL21: =SUM(BL318:BL321) | BM21: =SUM(BM318:BM321) | BN21: =SUM(BN318:BN321) | BO21: =SUM(BO318:BO321) | BP21: =SUM(BP318:BP321) | BQ21: =SUM(BQ318:BQ321) | BR21: =SUM(BR318:BR321) | ... DF21: =SUM(DF318:DF321) | DH21: =SUM(DH318:DH321) | DI21: =SUM(DI318:DI321) | DJ21: =SUM(DJ318:DJ321) | DK21: =SUM(DK318:DK321) | DL21: =SUM(DL318:DL321) | DM21: =SUM(DM318:DM321) | DN21: =SUM(DN318:DN321) | DO21: =SUM(DO318:DO321) | ... FC21: =SUM(FC318:FC321) | FE21: =SUM(FE318:FE321) | FF21: =SUM(FF318:FF321) | FG21: =SUM(FG318:FG321) | FH21: =SUM(FH318:FH321) | FI21: =SUM(FI318:FI321) | FJ21: =SUM(FJ318:FJ321) | FK21: =SUM(FK318:FK321) | FL21: =SUM(FL318:FL321) | ... GZ21: =SUM(GZ318:GZ321)
A22: Pallas / Spica | B22: 94.98 | D22: 31.999492 | E22: 20.44382 | N22: =SUM(N331:N337) | O22: =SUM(O331:O337) | P22: =SUM(P331:P337) | Q22: =SUM(Q331:Q337) | R22: =SUM(R331:R337) | S22: =SUM(S331:S337) | T22: =SUM(T331:T337) | U22: =SUM(U331:U337) | ... BI22: =SUM(BI331:BI337) | BK22: =SUM(BK331:BK337) | BL22: =SUM(BL331:BL337) | BM22: =SUM(BM331:BM337) | BN22: =SUM(BN331:BN337) | BO22: =SUM(BO331:BO337) | BP22: =SUM(BP331:BP337) | BQ22: =SUM(BQ331:BQ337) | BR22: =SUM(BR331:BR337) | ... DF22: =SUM(DF331:DF337) | DH22: =SUM(DH331:DH337) | DI22: =SUM(DI331:DI337) | DJ22: =SUM(DJ331:DJ337) | DK22: =SUM(DK331:DK337) | DL22: =SUM(DL331:DL337) | DM22: =SUM(DM331:DM337) | DN22: =SUM(DN331:DN337) | DO22: =SUM(DO331:DO337) | ... FC22: =SUM(FC331:FC337) | FE22: =SUM(FE331:FE337) | FF22: =SUM(FF331:FF337) | FG22: =SUM(FG331:FG337) | FH22: =SUM(FH331:FH337) | FI22: =SUM(FI331:FI337) | FJ22: =SUM(FJ331:FJ337) | FK22: =SUM(FK331:FK337) | FL22: =SUM(FL331:FL337) | ... GZ22: =SUM(GZ331:GZ337)
A23: Chiron / Castor | C23: 94.98 | D23: 82.734695 | E23: 40.000509 | N23: =SUM(N339:N342) | O23: =SUM(O339:O342) | P23: =SUM(P339:P342) | Q23: =SUM(Q339:Q342) | R23: =SUM(R339:R342) | S23: =SUM(S339:S342) | T23: =SUM(T339:T342) | U23: =SUM(U339:U342) | ... BI23: =SUM(BI339:BI342) | BK23: =SUM(BK339:BK342) | BL23: =SUM(BL339:BL342) | BM23: =SUM(BM339:BM342) | BN23: =SUM(BN339:BN342) | BO23: =SUM(BO339:BO342) | BP23: =SUM(BP339:BP342) | BQ23: =SUM(BQ339:BQ342) | BR23: =SUM(BR339:BR342) | ... DF23: =SUM(DF339:DF342) | DH23: =SUM(DH339:DH342) | DI23: =SUM(DI339:DI342) | DJ23: =SUM(DJ339:DJ342) | DK23: =SUM(DK339:DK342) | DL23: =SUM(DL339:DL342) | DM23: =SUM(DM339:DM342) | DN23: =SUM(DN339:DN342) | DO23: =SUM(DO339:DO342) | ... FC23: =SUM(FC339:FC342) | FE23: =SUM(FE339:FE342) | FF23: =SUM(FF339:FF342) | FG23: =SUM(FG339:FG342) | FH23: =SUM(FH339:FH342) | FI23: =SUM(FI339:FI342) | FJ23: =SUM(FJ339:FJ342) | FK23: =SUM(FK339:FK342) | FL23: =SUM(FL339:FL342) | ... GZ23: =SUM(GZ339:GZ342)
A24: Jupiter / Rigel | B24: 94.75 | D24: 158.99947 | E24: 15.16869 | N24: =SUM(N344:N353) | O24: =SUM(O344:O353) | P24: =SUM(P344:P353) | Q24: =SUM(Q344:Q353) | R24: =SUM(R344:R353) | S24: =SUM(S344:S353) | T24: =SUM(T344:T353) | U24: =SUM(U344:U353) | ... BI24: =SUM(BI344:BI353) | BK24: =SUM(BK344:BK353) | BL24: =SUM(BL344:BL353) | BM24: =SUM(BM344:BM353) | BN24: =SUM(BN344:BN353) | BO24: =SUM(BO344:BO353) | BP24: =SUM(BP344:BP353) | BQ24: =SUM(BQ344:BQ353) | BR24: =SUM(BR344:BR353) | ... DF24: =SUM(DF344:DF353) | DH24: =SUM(DH344:DH353) | DI24: =SUM(DI344:DI353) | DJ24: =SUM(DJ344:DJ353) | DK24: =SUM(DK344:DK353) | DL24: =SUM(DL344:DL353) | DM24: =SUM(DM344:DM353) | DN24: =SUM(DN344:DN353) | DO24: =SUM(DO344:DO353) | ... FC24: =SUM(FC344:FC353) | FE24: =SUM(FE344:FE353) | FF24: =SUM(FF344:FF353) | FG24: =SUM(FG344:FG353) | FH24: =SUM(FH344:FH353) | FI24: =SUM(FI344:FI353) | FJ24: =SUM(FJ344:FJ353) | FK24: =SUM(FK344:FK353) | FL24: =SUM(FL344:FL353) | ... GZ24: =SUM(GZ344:GZ353)
A25: Sedna / Alkaid | B25: 12.79 | C25: 94.65 | D25: 161.28371 | E25: 44.449493 | N25: =SUM(N355:N365) | O25: =SUM(O355:O365) | P25: =SUM(P355:P365) | Q25: =SUM(Q355:Q365) | R25: =SUM(R355:R365) | S25: =SUM(S355:S365) | T25: =SUM(T355:T365) | U25: =SUM(U355:U365) | ... BI25: =SUM(BI355:BI365) | BK25: =SUM(BK355:BK365) | BL25: =SUM(BL355:BL365) | BM25: =SUM(BM355:BM365) | BN25: =SUM(BN355:BN365) | BO25: =SUM(BO355:BO365) | BP25: =SUM(BP355:BP365) | BQ25: =SUM(BQ355:BQ365) | BR25: =SUM(BR355:BR365) | ... DF25: =SUM(DF355:DF365) | DH25: =SUM(DH355:DH365) | DI25: =SUM(DI355:DI365) | DJ25: =SUM(DJ355:DJ365) | DK25: =SUM(DK355:DK365) | DL25: =SUM(DL355:DL365) | DM25: =SUM(DM355:DM365) | DN25: =SUM(DN355:DN365) | DO25: =SUM(DO355:DO365) | ... FC25: =SUM(FC355:FC365) | FE25: =SUM(FE355:FE365) | FF25: =SUM(FF355:FF365) | FG25: =SUM(FG355:FG365) | FH25: =SUM(FH355:FH365) | FI25: =SUM(FI355:FI365) | FJ25: =SUM(FJ355:FJ365) | FK25: =SUM(FK355:FK365) | FL25: =SUM(FL355:FL365) | ... GZ25: =SUM(GZ355:GZ365)
A26: Sun / Antares | B26: 1.33 | C26: 94.22 | D26: 62.076723 | E26: 24.145677 | N26: =SUM(N372:N395) | O26: =SUM(O372:O395) | P26: =SUM(P372:P395) | Q26: =SUM(Q372:Q395) | R26: =SUM(R372:R395) | S26: =SUM(S372:S395) | T26: =SUM(T372:T395) | U26: =SUM(U372:U395) | ... BI26: =SUM(BI372:BI395) | BK26: =SUM(BK372:BK395) | BL26: =SUM(BL372:BL395) | BM26: =SUM(BM372:BM395) | BN26: =SUM(BN372:BN395) | BO26: =SUM(BO372:BO395) | BP26: =SUM(BP372:BP395) | BQ26: =SUM(BQ372:BQ395) | BR26: =SUM(BR372:BR395) | ... DF26: =SUM(DF372:DF395) | DH26: =SUM(DH372:DH395) | DI26: =SUM(DI372:DI395) | DJ26: =SUM(DJ372:DJ395) | DK26: =SUM(DK372:DK395) | DL26: =SUM(DL372:DL395) | DM26: =SUM(DM372:DM395) | DN26: =SUM(DN372:DN395) | DO26: =SUM(DO372:DO395) | ... FC26: =SUM(FC372:FC395) | FE26: =SUM(FE372:FE395) | FF26: =SUM(FF372:FF395) | FG26: =SUM(FG372:FG395) | FH26: =SUM(FH372:FH395) | FI26: =SUM(FI372:FI395) | FJ26: =SUM(FJ372:FJ395) | FK26: =SUM(FK372:FK395) | FL26: =SUM(FL372:FL395) | ... GZ26: =SUM(GZ372:GZ395)
A27: Pallas / Betelgeuse | B27: 94.21 | C27: 10.18 | D27: 144.49913 | E27: 1.876413 | N27: =SUM(N397:N419) | O27: =SUM(O397:O419) | P27: =SUM(P397:P419) | Q27: =SUM(Q397:Q419) | R27: =SUM(R397:R419) | S27: =SUM(S397:S419) | T27: =SUM(T397:T419) | U27: =SUM(U397:U419) | ... BI27: =SUM(BI397:BI419) | BK27: =SUM(BK397:BK419) | BL27: =SUM(BL397:BL419) | BM27: =SUM(BM397:BM419) | BN27: =SUM(BN397:BN419) | BO27: =SUM(BO397:BO419) | BP27: =SUM(BP397:BP419) | BQ27: =SUM(BQ397:BQ419) | BR27: =SUM(BR397:BR419) | ... DF27: =SUM(DF397:DF419) | DH27: =SUM(DH397:DH419) | DI27: =SUM(DI397:DI419) | DJ27: =SUM(DJ397:DJ419) | DK27: =SUM(DK397:DK419) | DL27: =SUM(DL397:DL419) | DM27: =SUM(DM397:DM419) | DN27: =SUM(DN397:DN419) | DO27: =SUM(DO397:DO419) | ... FC27: =SUM(FC397:FC419) | FE27: =SUM(FE397:FE419) | FF27: =SUM(FF397:FF419) | FG27: =SUM(FG397:FG419) | FH27: =SUM(FH397:FH419) | FI27: =SUM(FI397:FI419) | FJ27: =SUM(FJ397:FJ419) | FK27: =SUM(FK397:FK419) | FL27: =SUM(FL397:FL419) | ... GZ27: =SUM(GZ397:GZ419)
A28: Neptune / Bellatrix | B28: 94.21 | D28: 144.38975 | E28: 27.024514 | N28: =SUM(N421:N424) | O28: =SUM(O421:O424) | P28: =SUM(P421:P424) | Q28: =SUM(Q421:Q424) | R28: =SUM(R421:R424) | S28: =SUM(S421:S424) | T28: =SUM(T421:T424) | U28: =SUM(U421:U424) | ... BI28: =SUM(BI421:BI424) | BK28: =SUM(BK421:BK424) | BL28: =SUM(BL421:BL424) | BM28: =SUM(BM421:BM424) | BN28: =SUM(BN421:BN424) | BO28: =SUM(BO421:BO424) | BP28: =SUM(BP421:BP424) | BQ28: =SUM(BQ421:BQ424) | BR28: =SUM(BR421:BR424) | ... DF28: =SUM(DF421:DF424) | DH28: =SUM(DH421:DH424) | DI28: =SUM(DI421:DI424) | DJ28: =SUM(DJ421:DJ424) | DK28: =SUM(DK421:DK424) | DL28: =SUM(DL421:DL424) | DM28: =SUM(DM421:DM424) | DN28: =SUM(DN421:DN424) | DO28: =SUM(DO421:DO424) | ... FC28: =SUM(FC421:FC424) | FE28: =SUM(FE421:FE424) | FF28: =SUM(FF421:FF424) | FG28: =SUM(FG421:FG424) | FH28: =SUM(FH421:FH424) | FI28: =SUM(FI421:FI424) | FJ28: =SUM(FJ421:FJ424) | FK28: =SUM(FK421:FK424) | FL28: =SUM(FL421:FL424) | ... GZ28: =SUM(GZ421:GZ424)
A29: Vesta / Procyon | B29: 43.68 | C29: 93.96 | D29: 133.80264 | E29: 26.176325 | N29: =SUM(N426:N441) | O29: =SUM(O426:O441) | P29: =SUM(P426:P441) | Q29: =SUM(Q426:Q441) | R29: =SUM(R426:R441) | S29: =SUM(S426:S441) | T29: =SUM(T426:T441) | U29: =SUM(U426:U441) | ... BI29: =SUM(BI426:BI441) | BK29: =SUM(BK426:BK441) | BL29: =SUM(BL426:BL441) | BM29: =SUM(BM426:BM441) | BN29: =SUM(BN426:BN441) | BO29: =SUM(BO426:BO441) | BP29: =SUM(BP426:BP441) | BQ29: =SUM(BQ426:BQ441) | BR29: =SUM(BR426:BR441) | ... DF29: =SUM(DF426:DF441) | DH29: =SUM(DH426:DH441) | DI29: =SUM(DI426:DI441) | DJ29: =SUM(DJ426:DJ441) | DK29: =SUM(DK426:DK441) | DL29: =SUM(DL426:DL441) | DM29: =SUM(DM426:DM441) | DN29: =SUM(DN426:DN441) | DO29: =SUM(DO426:DO441) | ... FC29: =SUM(FC426:FC441) | FE29: =SUM(FE426:FE441) | FF29: =SUM(FF426:FF441) | FG29: =SUM(FG426:FG441) | FH29: =SUM(FH426:FH441) | FI29: =SUM(FI426:FI441) | FJ29: =SUM(FJ426:FJ441) | FK29: =SUM(FK426:FK441) | FL29: =SUM(FL426:FL441) | ... GZ29: =SUM(GZ426:GZ441)
A30: Ceres / Betelgeuse | B30: 93.95 | D30: 164.04964 | E30: 32.145304 | N30: =SUM(N443:N449) | O30: =SUM(O443:O449) | P30: =SUM(P443:P449) | Q30: =SUM(Q443:Q449) | R30: =SUM(R443:R449) | S30: =SUM(S443:S449) | T30: =SUM(T443:T449) | U30: =SUM(U443:U449) | ... BI30: =SUM(BI443:BI449) | BK30: =SUM(BK443:BK449) | BL30: =SUM(BL443:BL449) | BM30: =SUM(BM443:BM449) | BN30: =SUM(BN443:BN449) | BO30: =SUM(BO443:BO449) | BP30: =SUM(BP443:BP449) | BQ30: =SUM(BQ443:BQ449) | BR30: =SUM(BR443:BR449) | ... DF30: =SUM(DF443:DF449) | DH30: =SUM(DH443:DH449) | DI30: =SUM(DI443:DI449) | DJ30: =SUM(DJ443:DJ449) | DK30: =SUM(DK443:DK449) | DL30: =SUM(DL443:DL449) | DM30: =SUM(DM443:DM449) | DN30: =SUM(DN443:DN449) | DO30: =SUM(DO443:DO449) | ... FC30: =SUM(FC443:FC449) | FE30: =SUM(FE443:FE449) | FF30: =SUM(FF443:FF449) | FG30: =SUM(FG443:FG449) | FH30: =SUM(FH443:FH449) | FI30: =SUM(FI443:FI449) | FJ30: =SUM(FJ443:FJ449) | FK30: =SUM(FK443:FK449) | FL30: =SUM(FL443:FL449) | ... GZ30: =SUM(GZ443:GZ449)
A31: Ceres / Polaris | C31: 93.88 | D31: 145.44908 | E31: 114.00062 | N31: =SUM(N451:N457) | O31: =SUM(O451:O457) | P31: =SUM(P451:P457) | Q31: =SUM(Q451:Q457) | R31: =SUM(R451:R457) | S31: =SUM(S451:S457) | T31: =SUM(T451:T457) | U31: =SUM(U451:U457) | ... BI31: =SUM(BI451:BI457) | BK31: =SUM(BK451:BK457) | BL31: =SUM(BL451:BL457) | BM31: =SUM(BM451:BM457) | BN31: =SUM(BN451:BN457) | BO31: =SUM(BO451:BO457) | BP31: =SUM(BP451:BP457) | BQ31: =SUM(BQ451:BQ457) | BR31: =SUM(BR451:BR457) | ... DF31: =SUM(DF451:DF457) | DH31: =SUM(DH451:DH457) | DI31: =SUM(DI451:DI457) | DJ31: =SUM(DJ451:DJ457) | DK31: =SUM(DK451:DK457) | DL31: =SUM(DL451:DL457) | DM31: =SUM(DM451:DM457) | DN31: =SUM(DN451:DN457) | DO31: =SUM(DO451:DO457) | ... FC31: =SUM(FC451:FC457) | FE31: =SUM(FE451:FE457) | FF31: =SUM(FF451:FF457) | FG31: =SUM(FG451:FG457) | FH31: =SUM(FH451:FH457) | FI31: =SUM(FI451:FI457) | FJ31: =SUM(FJ451:FJ457) | FK31: =SUM(FK451:FK457) | FL31: =SUM(FL451:FL457) | ... GZ31: =SUM(GZ451:GZ457)
A32: Mercury / Uranus | B32: 93.2 | D32: 132.78342 | E32: 25.062552 | N32: =SUM(N459:N468) | O32: =SUM(O459:O468) | P32: =SUM(P459:P468) | Q32: =SUM(Q459:Q468) | R32: =SUM(R459:R468) | S32: =SUM(S459:S468) | T32: =SUM(T459:T468) | U32: =SUM(U459:U468) | ... BI32: =SUM(BI459:BI468) | BK32: =SUM(BK459:BK468) | BL32: =SUM(BL459:BL468) | BM32: =SUM(BM459:BM468) | BN32: =SUM(BN459:BN468) | BO32: =SUM(BO459:BO468) | BP32: =SUM(BP459:BP468) | BQ32: =SUM(BQ459:BQ468) | BR32: =SUM(BR459:BR468) | ... DF32: =SUM(DF459:DF468) | DH32: =SUM(DH459:DH468) | DI32: =SUM(DI459:DI468) | DJ32: =SUM(DJ459:DJ468) | DK32: =SUM(DK459:DK468) | DL32: =SUM(DL459:DL468) | DM32: =SUM(DM459:DM468) | DN32: =SUM(DN459:DN468) | DO32: =SUM(DO459:DO468) | ... FC32: =SUM(FC459:FC468) | FE32: =SUM(FE459:FE468) | FF32: =SUM(FF459:FF468) | FG32: =SUM(FG459:FG468) | FH32: =SUM(FH459:FH468) | FI32: =SUM(FI459:FI468) | FJ32: =SUM(FJ459:FJ468) | FK32: =SUM(FK459:FK468) | FL32: =SUM(FL459:FL468) | ... GZ32: =SUM(GZ459:GZ468)
A33: Ketu / Sun | B33: 92.54 | D33: 177.87312 | E33: 5.479187 | N33: =SUM(N470:N509) | O33: =SUM(O470:O509) | P33: =SUM(P470:P509) | Q33: =SUM(Q470:Q509) | R33: =SUM(R470:R509) | S33: =SUM(S470:S509) | T33: =SUM(T470:T509) | U33: =SUM(U470:U509) | ... BI33: =SUM(BI470:BI509) | BK33: =SUM(BK470:BK509) | BL33: =SUM(BL470:BL509) | BM33: =SUM(BM470:BM509) | BN33: =SUM(BN470:BN509) | BO33: =SUM(BO470:BO509) | BP33: =SUM(BP470:BP509) | BQ33: =SUM(BQ470:BQ509) | BR33: =SUM(BR470:BR509) | ... DF33: =SUM(DF470:DF509) | DH33: =SUM(DH470:DH509) | DI33: =SUM(DI470:DI509) | DJ33: =SUM(DJ470:DJ509) | DK33: =SUM(DK470:DK509) | DL33: =SUM(DL470:DL509) | DM33: =SUM(DM470:DM509) | DN33: =SUM(DN470:DN509) | DO33: =SUM(DO470:DO509) | ... FC33: =SUM(FC470:FC509) | FE33: =SUM(FE470:FE509) | FF33: =SUM(FF470:FF509) | FG33: =SUM(FG470:FG509) | FH33: =SUM(FH470:FH509) | FI33: =SUM(FI470:FI509) | FJ33: =SUM(FJ470:FJ509) | FK33: =SUM(FK470:FK509) | FL33: =SUM(FL470:FL509) | ... GZ33: =SUM(GZ470:GZ509)
A34: Eris / Sedna | B34: 91.31 | C34: 34.34 | D34: 22.228498 | E34: 12.716213 | N34: =SUM(N524:N548) | O34: =SUM(O524:O548) | P34: =SUM(P524:P548) | Q34: =SUM(Q524:Q548) | R34: =SUM(R524:R548) | S34: =SUM(S524:S548) | T34: =SUM(T524:T548) | U34: =SUM(U524:U548) | ... BI34: =SUM(BI524:BI548) | BK34: =SUM(BK524:BK548) | BL34: =SUM(BL524:BL548) | BM34: =SUM(BM524:BM548) | BN34: =SUM(BN524:BN548) | BO34: =SUM(BO524:BO548) | BP34: =SUM(BP524:BP548) | BQ34: =SUM(BQ524:BQ548) | BR34: =SUM(BR524:BR548) | ... DF34: =SUM(DF524:DF548) | DH34: =SUM(DH524:DH548) | DI34: =SUM(DI524:DI548) | DJ34: =SUM(DJ524:DJ548) | DK34: =SUM(DK524:DK548) | DL34: =SUM(DL524:DL548) | DM34: =SUM(DM524:DM548) | DN34: =SUM(DN524:DN548) | DO34: =SUM(DO524:DO548) | ... FC34: =SUM(FC524:FC548) | FE34: =SUM(FE524:FE548) | FF34: =SUM(FF524:FF548) | FG34: =SUM(FG524:FG548) | FH34: =SUM(FH524:FH548) | FI34: =SUM(FI524:FI548) | FJ34: =SUM(FJ524:FJ548) | FK34: =SUM(FK524:FK548) | FL34: =SUM(FL524:FL548) | ... GZ34: =SUM(GZ524:GZ548)
A35: Saturn / Sedna | B35: 91 | D35: 41.000921 | E35: 5.733292 | N35: =SUM(N550:N578) | O35: =SUM(O550:O578) | P35: =SUM(P550:P578) | Q35: =SUM(Q550:Q578) | R35: =SUM(R550:R578) | S35: =SUM(S550:S578) | T35: =SUM(T550:T578) | U35: =SUM(U550:U578) | ... BI35: =SUM(BI550:BI578) | BK35: =SUM(BK550:BK578) | BL35: =SUM(BL550:BL578) | BM35: =SUM(BM550:BM578) | BN35: =SUM(BN550:BN578) | BO35: =SUM(BO550:BO578) | BP35: =SUM(BP550:BP578) | BQ35: =SUM(BQ550:BQ578) | BR35: =SUM(BR550:BR578) | ... DF35: =SUM(DF550:DF578) | DH35: =SUM(DH550:DH578) | DI35: =SUM(DI550:DI578) | DJ35: =SUM(DJ550:DJ578) | DK35: =SUM(DK550:DK578) | DL35: =SUM(DL550:DL578) | DM35: =SUM(DM550:DM578) | DN35: =SUM(DN550:DN578) | DO35: =SUM(DO550:DO578) | ... FC35: =SUM(FC550:FC578) | FE35: =SUM(FE550:FE578) | FF35: =SUM(FF550:FF578) | FG35: =SUM(FG550:FG578) | FH35: =SUM(FH550:FH578) | FI35: =SUM(FI550:FI578) | FJ35: =SUM(FJ550:FJ578) | FK35: =SUM(FK550:FK578) | FL35: =SUM(FL550:FL578) | ... GZ35: =SUM(GZ550:GZ578)
A36: Juno / Jupiter | C36: 90.46 | D36: 96.098333 | E36: 21.036025 | N36: =SUM(N580:N586) | O36: =SUM(O580:O586) | P36: =SUM(P580:P586) | Q36: =SUM(Q580:Q586) | R36: =SUM(R580:R586) | S36: =SUM(S580:S586) | T36: =SUM(T580:T586) | U36: =SUM(U580:U586) | ... BI36: =SUM(BI580:BI586) | BK36: =SUM(BK580:BK586) | BL36: =SUM(BL580:BL586) | BM36: =SUM(BM580:BM586) | BN36: =SUM(BN580:BN586) | BO36: =SUM(BO580:BO586) | BP36: =SUM(BP580:BP586) | BQ36: =SUM(BQ580:BQ586) | BR36: =SUM(BR580:BR586) | ... DF36: =SUM(DF580:DF586) | DH36: =SUM(DH580:DH586) | DI36: =SUM(DI580:DI586) | DJ36: =SUM(DJ580:DJ586) | DK36: =SUM(DK580:DK586) | DL36: =SUM(DL580:DL586) | DM36: =SUM(DM580:DM586) | DN36: =SUM(DN580:DN586) | DO36: =SUM(DO580:DO586) | ... FC36: =SUM(FC580:FC586) | FE36: =SUM(FE580:FE586) | FF36: =SUM(FF580:FF586) | FG36: =SUM(FG580:FG586) | FH36: =SUM(FH580:FH586) | FI36: =SUM(FI580:FI586) | FJ36: =SUM(FJ580:FJ586) | FK36: =SUM(FK580:FK586) | FL36: =SUM(FL580:FL586) | ... GZ36: =SUM(GZ580:GZ586)
A37: Neptune / Sun | B37: 16.39 | C37: 90.15 | D37: 111.62207 | E37: 18.386206 | N37: =SUM(N594:N616) | O37: =SUM(O594:O616) | P37: =SUM(P594:P616) | Q37: =SUM(Q594:Q616) | R37: =SUM(R594:R616) | S37: =SUM(S594:S616) | T37: =SUM(T594:T616) | U37: =SUM(U594:U616) | ... BI37: =SUM(BI594:BI616) | BK37: =SUM(BK594:BK616) | BL37: =SUM(BL594:BL616) | BM37: =SUM(BM594:BM616) | BN37: =SUM(BN594:BN616) | BO37: =SUM(BO594:BO616) | BP37: =SUM(BP594:BP616) | BQ37: =SUM(BQ594:BQ616) | BR37: =SUM(BR594:BR616) | ... DF37: =SUM(DF594:DF616) | DH37: =SUM(DH594:DH616) | DI37: =SUM(DI594:DI616) | DJ37: =SUM(DJ594:DJ616) | DK37: =SUM(DK594:DK616) | DL37: =SUM(DL594:DL616) | DM37: =SUM(DM594:DM616) | DN37: =SUM(DN594:DN616) | DO37: =SUM(DO594:DO616) | ... FC37: =SUM(FC594:FC616) | FE37: =SUM(FE594:FE616) | FF37: =SUM(FF594:FF616) | FG37: =SUM(FG594:FG616) | FH37: =SUM(FH594:FH616) | FI37: =SUM(FI594:FI616) | FJ37: =SUM(FJ594:FJ616) | FK37: =SUM(FK594:FK616) | FL37: =SUM(FL594:FL616) | ... GZ37: =SUM(GZ594:GZ616)
A38: Chiron / Procyon | C38: 89.75 | D38: 81.557318 | E38: 13.341876 | N38: =SUM(N663:N669) | O38: =SUM(O663:O669) | P38: =SUM(P663:P669) | Q38: =SUM(Q663:Q669) | R38: =SUM(R663:R669) | S38: =SUM(S663:S669) | T38: =SUM(T663:T669) | U38: =SUM(U663:U669) | ... BI38: =SUM(BI663:BI669) | BK38: =SUM(BK663:BK669) | BL38: =SUM(BL663:BL669) | BM38: =SUM(BM663:BM669) | BN38: =SUM(BN663:BN669) | BO38: =SUM(BO663:BO669) | BP38: =SUM(BP663:BP669) | BQ38: =SUM(BQ663:BQ669) | BR38: =SUM(BR663:BR669) | ... DF38: =SUM(DF663:DF669) | DH38: =SUM(DH663:DH669) | DI38: =SUM(DI663:DI669) | DJ38: =SUM(DJ663:DJ669) | DK38: =SUM(DK663:DK669) | DL38: =SUM(DL663:DL669) | DM38: =SUM(DM663:DM669) | DN38: =SUM(DN663:DN669) | DO38: =SUM(DO663:DO669) | ... FC38: =SUM(FC663:FC669) | FE38: =SUM(FE663:FE669) | FF38: =SUM(FF663:FF669) | FG38: =SUM(FG663:FG669) | FH38: =SUM(FH663:FH669) | FI38: =SUM(FI663:FI669) | FJ38: =SUM(FJ663:FJ669) | FK38: =SUM(FK663:FK669) | FL38: =SUM(FL663:FL669) | ... GZ38: =SUM(GZ663:GZ669)
A39: Vesta / Sirius | C39: 88.73 | D39: 147.34015 | E39: 4.237519 | N39: =SUM(N671:N689) | O39: =SUM(O671:O689) | P39: =SUM(P671:P689) | Q39: =SUM(Q671:Q689) | R39: =SUM(R671:R689) | S39: =SUM(S671:S689) | T39: =SUM(T671:T689) | U39: =SUM(U671:U689) | ... BI39: =SUM(BI671:BI689) | BK39: =SUM(BK671:BK689) | BL39: =SUM(BL671:BL689) | BM39: =SUM(BM671:BM689) | BN39: =SUM(BN671:BN689) | BO39: =SUM(BO671:BO689) | BP39: =SUM(BP671:BP689) | BQ39: =SUM(BQ671:BQ689) | BR39: =SUM(BR671:BR689) | ... DF39: =SUM(DF671:DF689) | DH39: =SUM(DH671:DH689) | DI39: =SUM(DI671:DI689) | DJ39: =SUM(DJ671:DJ689) | DK39: =SUM(DK671:DK689) | DL39: =SUM(DL671:DL689) | DM39: =SUM(DM671:DM689) | DN39: =SUM(DN671:DN689) | DO39: =SUM(DO671:DO689) | ... FC39: =SUM(FC671:FC689) | FE39: =SUM(FE671:FE689) | FF39: =SUM(FF671:FF689) | FG39: =SUM(FG671:FG689) | FH39: =SUM(FH671:FH689) | FI39: =SUM(FI671:FI689) | FJ39: =SUM(FJ671:FJ689) | FK39: =SUM(FK671:FK689) | FL39: =SUM(FL671:FL689) | ... GZ39: =SUM(GZ671:GZ689)
A40: Eris / Spica | B40: 88.3 | D40: 177.92732 | E40: 3.311191 | N40: =SUM(N691:N694) | O40: =SUM(O691:O694) | P40: =SUM(P691:P694) | Q40: =SUM(Q691:Q694) | R40: =SUM(R691:R694) | S40: =SUM(S691:S694) | T40: =SUM(T691:T694) | U40: =SUM(U691:U694) | ... BI40: =SUM(BI691:BI694) | BK40: =SUM(BK691:BK694) | BL40: =SUM(BL691:BL694) | BM40: =SUM(BM691:BM694) | BN40: =SUM(BN691:BN694) | BO40: =SUM(BO691:BO694) | BP40: =SUM(BP691:BP694) | BQ40: =SUM(BQ691:BQ694) | BR40: =SUM(BR691:BR694) | ... DF40: =SUM(DF691:DF694) | DH40: =SUM(DH691:DH694) | DI40: =SUM(DI691:DI694) | DJ40: =SUM(DJ691:DJ694) | DK40: =SUM(DK691:DK694) | DL40: =SUM(DL691:DL694) | DM40: =SUM(DM691:DM694) | DN40: =SUM(DN691:DN694) | DO40: =SUM(DO691:DO694) | ... FC40: =SUM(FC691:FC694) | FE40: =SUM(FE691:FE694) | FF40: =SUM(FF691:FF694) | FG40: =SUM(FG691:FG694) | FH40: =SUM(FH691:FH694) | FI40: =SUM(FI691:FI694) | FJ40: =SUM(FJ691:FJ694) | FK40: =SUM(FK691:FK694) | FL40: =SUM(FL691:FL694) | ... GZ40: =SUM(GZ691:GZ694)
A41: Neptune / Procyon | B41: 87.99 | C41: 44.32 | D41: 177.93119 | E41: 25.89936 | N41: =SUM(N709:N718) | O41: =SUM(O709:O718) | P41: =SUM(P709:P718) | Q41: =SUM(Q709:Q718) | R41: =SUM(R709:R718) | S41: =SUM(S709:S718) | T41: =SUM(T709:T718) | U41: =SUM(U709:U718) | ... BI41: =SUM(BI709:BI718) | BK41: =SUM(BK709:BK718) | BL41: =SUM(BL709:BL718) | BM41: =SUM(BM709:BM718) | BN41: =SUM(BN709:BN718) | BO41: =SUM(BO709:BO718) | BP41: =SUM(BP709:BP718) | BQ41: =SUM(BQ709:BQ718) | BR41: =SUM(BR709:BR718) | ... DF41: =SUM(DF709:DF718) | DH41: =SUM(DH709:DH718) | DI41: =SUM(DI709:DI718) | DJ41: =SUM(DJ709:DJ718) | DK41: =SUM(DK709:DK718) | DL41: =SUM(DL709:DL718) | DM41: =SUM(DM709:DM718) | DN41: =SUM(DN709:DN718) | DO41: =SUM(DO709:DO718) | ... FC41: =SUM(FC709:FC718) | FE41: =SUM(FE709:FE718) | FF41: =SUM(FF709:FF718) | FG41: =SUM(FG709:FG718) | FH41: =SUM(FH709:FH718) | FI41: =SUM(FI709:FI718) | FJ41: =SUM(FJ709:FJ718) | FK41: =SUM(FK709:FK718) | FL41: =SUM(FL709:FL718) | ... GZ41: =SUM(GZ709:GZ718)
A42: Haumea / Deneb Algedi | B42: 87.44 | D42: 133.43799 | E42: 37.404116 | N42: =SUM(N720:N726) | O42: =SUM(O720:O726) | P42: =SUM(P720:P726) | Q42: =SUM(Q720:Q726) | R42: =SUM(R720:R726) | S42: =SUM(S720:S726) | T42: =SUM(T720:T726) | U42: =SUM(U720:U726) | ... BI42: =SUM(BI720:BI726) | BK42: =SUM(BK720:BK726) | BL42: =SUM(BL720:BL726) | BM42: =SUM(BM720:BM726) | BN42: =SUM(BN720:BN726) | BO42: =SUM(BO720:BO726) | BP42: =SUM(BP720:BP726) | BQ42: =SUM(BQ720:BQ726) | BR42: =SUM(BR720:BR726) | ... DF42: =SUM(DF720:DF726) | DH42: =SUM(DH720:DH726) | DI42: =SUM(DI720:DI726) | DJ42: =SUM(DJ720:DJ726) | DK42: =SUM(DK720:DK726) | DL42: =SUM(DL720:DL726) | DM42: =SUM(DM720:DM726) | DN42: =SUM(DN720:DN726) | DO42: =SUM(DO720:DO726) | ... FC42: =SUM(FC720:FC726) | FE42: =SUM(FE720:FE726) | FF42: =SUM(FF720:FF726) | FG42: =SUM(FG720:FG726) | FH42: =SUM(FH720:FH726) | FI42: =SUM(FI720:FI726) | FJ42: =SUM(FJ720:FJ726) | FK42: =SUM(FK720:FK726) | FL42: =SUM(FL720:FL726) | ... GZ42: =SUM(GZ720:GZ726)
A43: Sun / Capella | C43: 86.57 | D43: 106.09805 | E43: 48.280913 | N43: =SUM(N728:N755) | O43: =SUM(O728:O755) | P43: =SUM(P728:P755) | Q43: =SUM(Q728:Q755) | R43: =SUM(R728:R755) | S43: =SUM(S728:S755) | T43: =SUM(T728:T755) | U43: =SUM(U728:U755) | ... BI43: =SUM(BI728:BI755) | BK43: =SUM(BK728:BK755) | BL43: =SUM(BL728:BL755) | BM43: =SUM(BM728:BM755) | BN43: =SUM(BN728:BN755) | BO43: =SUM(BO728:BO755) | BP43: =SUM(BP728:BP755) | BQ43: =SUM(BQ728:BQ755) | BR43: =SUM(BR728:BR755) | ... DF43: =SUM(DF728:DF755) | DH43: =SUM(DH728:DH755) | DI43: =SUM(DI728:DI755) | DJ43: =SUM(DJ728:DJ755) | DK43: =SUM(DK728:DK755) | DL43: =SUM(DL728:DL755) | DM43: =SUM(DM728:DM755) | DN43: =SUM(DN728:DN755) | DO43: =SUM(DO728:DO755) | ... FC43: =SUM(FC728:FC755) | FE43: =SUM(FE728:FE755) | FF43: =SUM(FF728:FF755) | FG43: =SUM(FG728:FG755) | FH43: =SUM(FH728:FH755) | FI43: =SUM(FI728:FI755) | FJ43: =SUM(FJ728:FJ755) | FK43: =SUM(FK728:FK755) | FL43: =SUM(FL728:FL755) | ... GZ43: =SUM(GZ728:GZ755)
A44: Sedna / Spica | B44: 86.43 | D44: 155.69882 | E44: 16.027404 | N44: =SUM(N765:N776) | O44: =SUM(O765:O776) | P44: =SUM(P765:P776) | Q44: =SUM(Q765:Q776) | R44: =SUM(R765:R776) | S44: =SUM(S765:S776) | T44: =SUM(T765:T776) | U44: =SUM(U765:U776) | ... BI44: =SUM(BI765:BI776) | BK44: =SUM(BK765:BK776) | BL44: =SUM(BL765:BL776) | BM44: =SUM(BM765:BM776) | BN44: =SUM(BN765:BN776) | BO44: =SUM(BO765:BO776) | BP44: =SUM(BP765:BP776) | BQ44: =SUM(BQ765:BQ776) | BR44: =SUM(BR765:BR776) | ... DF44: =SUM(DF765:DF776) | DH44: =SUM(DH765:DH776) | DI44: =SUM(DI765:DI776) | DJ44: =SUM(DJ765:DJ776) | DK44: =SUM(DK765:DK776) | DL44: =SUM(DL765:DL776) | DM44: =SUM(DM765:DM776) | DN44: =SUM(DN765:DN776) | DO44: =SUM(DO765:DO776) | ... FC44: =SUM(FC765:FC776) | FE44: =SUM(FE765:FE776) | FF44: =SUM(FF765:FF776) | FG44: =SUM(FG765:FG776) | FH44: =SUM(FH765:FH776) | FI44: =SUM(FI765:FI776) | FJ44: =SUM(FJ765:FJ776) | FK44: =SUM(FK765:FK776) | FL44: =SUM(FL765:FL776) | ... GZ44: =SUM(GZ765:GZ776)
A45: Venus / Procyon | B45: 86.1 | D45: 31.114737 | E45: 8.335492 | N45: =SUM(N778:N786) | O45: =SUM(O778:O786) | P45: =SUM(P778:P786) | Q45: =SUM(Q778:Q786) | R45: =SUM(R778:R786) | S45: =SUM(S778:S786) | T45: =SUM(T778:T786) | U45: =SUM(U778:U786) | ... BI45: =SUM(BI778:BI786) | BK45: =SUM(BK778:BK786) | BL45: =SUM(BL778:BL786) | BM45: =SUM(BM778:BM786) | BN45: =SUM(BN778:BN786) | BO45: =SUM(BO778:BO786) | BP45: =SUM(BP778:BP786) | BQ45: =SUM(BQ778:BQ786) | BR45: =SUM(BR778:BR786) | ... DF45: =SUM(DF778:DF786) | DH45: =SUM(DH778:DH786) | DI45: =SUM(DI778:DI786) | DJ45: =SUM(DJ778:DJ786) | DK45: =SUM(DK778:DK786) | DL45: =SUM(DL778:DL786) | DM45: =SUM(DM778:DM786) | DN45: =SUM(DN778:DN786) | DO45: =SUM(DO778:DO786) | ... FC45: =SUM(FC778:FC786) | FE45: =SUM(FE778:FE786) | FF45: =SUM(FF778:FF786) | FG45: =SUM(FG778:FG786) | FH45: =SUM(FH778:FH786) | FI45: =SUM(FI778:FI786) | FJ45: =SUM(FJ778:FJ786) | FK45: =SUM(FK778:FK786) | FL45: =SUM(FL778:FL786) | ... GZ45: =SUM(GZ778:GZ786)
A46: Rahu / Altair | B46: 34.94 | C46: 85.58 | D46: 110.29709 | E46: 12.067452 | N46: =SUM(N788:N798) | O46: =SUM(O788:O798) | P46: =SUM(P788:P798) | Q46: =SUM(Q788:Q798) | R46: =SUM(R788:R798) | S46: =SUM(S788:S798) | T46: =SUM(T788:T798) | U46: =SUM(U788:U798) | ... BI46: =SUM(BI788:BI798) | BK46: =SUM(BK788:BK798) | BL46: =SUM(BL788:BL798) | BM46: =SUM(BM788:BM798) | BN46: =SUM(BN788:BN798) | BO46: =SUM(BO788:BO798) | BP46: =SUM(BP788:BP798) | BQ46: =SUM(BQ788:BQ798) | BR46: =SUM(BR788:BR798) | ... DF46: =SUM(DF788:DF798) | DH46: =SUM(DH788:DH798) | DI46: =SUM(DI788:DI798) | DJ46: =SUM(DJ788:DJ798) | DK46: =SUM(DK788:DK798) | DL46: =SUM(DL788:DL798) | DM46: =SUM(DM788:DM798) | DN46: =SUM(DN788:DN798) | DO46: =SUM(DO788:DO798) | ... FC46: =SUM(FC788:FC798) | FE46: =SUM(FE788:FE798) | FF46: =SUM(FF788:FF798) | FG46: =SUM(FG788:FG798) | FH46: =SUM(FH788:FH798) | FI46: =SUM(FI788:FI798) | FJ46: =SUM(FJ788:FJ798) | FK46: =SUM(FK788:FK798) | FL46: =SUM(FL788:FL798) | ... GZ46: =SUM(GZ788:GZ798)
A47: Juno / Pallas | B47: 85.52 | D47: 142.44223 | E47: 11.617306 | N47: =SUM(N800:N825) | O47: =SUM(O800:O825) | P47: =SUM(P800:P825) | Q47: =SUM(Q800:Q825) | R47: =SUM(R800:R825) | S47: =SUM(S800:S825) | T47: =SUM(T800:T825) | U47: =SUM(U800:U825) | ... BI47: =SUM(BI800:BI825) | BK47: =SUM(BK800:BK825) | BL47: =SUM(BL800:BL825) | BM47: =SUM(BM800:BM825) | BN47: =SUM(BN800:BN825) | BO47: =SUM(BO800:BO825) | BP47: =SUM(BP800:BP825) | BQ47: =SUM(BQ800:BQ825) | BR47: =SUM(BR800:BR825) | ... DF47: =SUM(DF800:DF825) | DH47: =SUM(DH800:DH825) | DI47: =SUM(DI800:DI825) | DJ47: =SUM(DJ800:DJ825) | DK47: =SUM(DK800:DK825) | DL47: =SUM(DL800:DL825) | DM47: =SUM(DM800:DM825) | DN47: =SUM(DN800:DN825) | DO47: =SUM(DO800:DO825) | ... FC47: =SUM(FC800:FC825) | FE47: =SUM(FE800:FE825) | FF47: =SUM(FF800:FF825) | FG47: =SUM(FG800:FG825) | FH47: =SUM(FH800:FH825) | FI47: =SUM(FI800:FI825) | FJ47: =SUM(FJ800:FJ825) | FK47: =SUM(FK800:FK825) | FL47: =SUM(FL800:FL825) | ... GZ47: =SUM(GZ800:GZ825)
A48: Eris / Mars | B48: 85.48 | C48: 4.03 | D48: 111.02236 | E48: 26.284976 | N48: =SUM(N827:N853) | O48: =SUM(O827:O853) | P48: =SUM(P827:P853) | Q48: =SUM(Q827:Q853) | R48: =SUM(R827:R853) | S48: =SUM(S827:S853) | T48: =SUM(T827:T853) | U48: =SUM(U827:U853) | ... BI48: =SUM(BI827:BI853) | BK48: =SUM(BK827:BK853) | BL48: =SUM(BL827:BL853) | BM48: =SUM(BM827:BM853) | BN48: =SUM(BN827:BN853) | BO48: =SUM(BO827:BO853) | BP48: =SUM(BP827:BP853) | BQ48: =SUM(BQ827:BQ853) | BR48: =SUM(BR827:BR853) | ... DF48: =SUM(DF827:DF853) | DH48: =SUM(DH827:DH853) | DI48: =SUM(DI827:DI853) | DJ48: =SUM(DJ827:DJ853) | DK48: =SUM(DK827:DK853) | DL48: =SUM(DL827:DL853) | DM48: =SUM(DM827:DM853) | DN48: =SUM(DN827:DN853) | DO48: =SUM(DO827:DO853) | ... FC48: =SUM(FC827:FC853) | FE48: =SUM(FE827:FE853) | FF48: =SUM(FF827:FF853) | FG48: =SUM(FG827:FG853) | FH48: =SUM(FH827:FH853) | FI48: =SUM(FI827:FI853) | FJ48: =SUM(FJ827:FJ853) | FK48: =SUM(FK827:FK853) | FL48: =SUM(FL827:FL853) | ... GZ48: =SUM(GZ827:GZ853)
A49: Juno / Haumea | B49: 85.35 | D49: 177.59063 | E49: 23.609635 | N49: =SUM(N855:N858) | O49: =SUM(O855:O858) | P49: =SUM(P855:P858) | Q49: =SUM(Q855:Q858) | R49: =SUM(R855:R858) | S49: =SUM(S855:S858) | T49: =SUM(T855:T858) | U49: =SUM(U855:U858) | ... BI49: =SUM(BI855:BI858) | BK49: =SUM(BK855:BK858) | BL49: =SUM(BL855:BL858) | BM49: =SUM(BM855:BM858) | BN49: =SUM(BN855:BN858) | BO49: =SUM(BO855:BO858) | BP49: =SUM(BP855:BP858) | BQ49: =SUM(BQ855:BQ858) | BR49: =SUM(BR855:BR858) | ... DF49: =SUM(DF855:DF858) | DH49: =SUM(DH855:DH858) | DI49: =SUM(DI855:DI858) | DJ49: =SUM(DJ855:DJ858) | DK49: =SUM(DK855:DK858) | DL49: =SUM(DL855:DL858) | DM49: =SUM(DM855:DM858) | DN49: =SUM(DN855:DN858) | DO49: =SUM(DO855:DO858) | ... FC49: =SUM(FC855:FC858) | FE49: =SUM(FE855:FE858) | FF49: =SUM(FF855:FF858) | FG49: =SUM(FG855:FG858) | FH49: =SUM(FH855:FH858) | FI49: =SUM(FI855:FI858) | FJ49: =SUM(FJ855:FJ858) | FK49: =SUM(FK855:FK858) | FL49: =SUM(FL855:FL858) | ... GZ49: =SUM(GZ855:GZ858)
A50: Orcus / Arcturus | B50: 83.82 | D50: 77.798446 | E50: 18.738962 | N50: =SUM(N860:N866) | O50: =SUM(O860:O866) | P50: =SUM(P860:P866) | Q50: =SUM(Q860:Q866) | R50: =SUM(R860:R866) | S50: =SUM(S860:S866) | T50: =SUM(T860:T866) | U50: =SUM(U860:U866) | ... BI50: =SUM(BI860:BI866) | BK50: =SUM(BK860:BK866) | BL50: =SUM(BL860:BL866) | BM50: =SUM(BM860:BM866) | BN50: =SUM(BN860:BN866) | BO50: =SUM(BO860:BO866) | BP50: =SUM(BP860:BP866) | BQ50: =SUM(BQ860:BQ866) | BR50: =SUM(BR860:BR866) | ... DF50: =SUM(DF860:DF866) | DH50: =SUM(DH860:DH866) | DI50: =SUM(DI860:DI866) | DJ50: =SUM(DJ860:DJ866) | DK50: =SUM(DK860:DK866) | DL50: =SUM(DL860:DL866) | DM50: =SUM(DM860:DM866) | DN50: =SUM(DN860:DN866) | DO50: =SUM(DO860:DO866) | ... FC50: =SUM(FC860:FC866) | FE50: =SUM(FE860:FE866) | FF50: =SUM(FF860:FF866) | FG50: =SUM(FG860:FG866) | FH50: =SUM(FH860:FH866) | FI50: =SUM(FI860:FI866) | FJ50: =SUM(FJ860:FJ866) | FK50: =SUM(FK860:FK866) | FL50: =SUM(FL860:FL866) | ... GZ50: =SUM(GZ860:GZ866)
A51: Gonggong / Makemake | B51: 83.7 | D51: 154.50556 | E51: 51.145451 | N51: =SUM(N868:N885) | O51: =SUM(O868:O885) | P51: =SUM(P868:P885) | Q51: =SUM(Q868:Q885) | R51: =SUM(R868:R885) | S51: =SUM(S868:S885) | T51: =SUM(T868:T885) | U51: =SUM(U868:U885) | ... BI51: =SUM(BI868:BI885) | BK51: =SUM(BK868:BK885) | BL51: =SUM(BL868:BL885) | BM51: =SUM(BM868:BM885) | BN51: =SUM(BN868:BN885) | BO51: =SUM(BO868:BO885) | BP51: =SUM(BP868:BP885) | BQ51: =SUM(BQ868:BQ885) | BR51: =SUM(BR868:BR885) | ... DF51: =SUM(DF868:DF885) | DH51: =SUM(DH868:DH885) | DI51: =SUM(DI868:DI885) | DJ51: =SUM(DJ868:DJ885) | DK51: =SUM(DK868:DK885) | DL51: =SUM(DL868:DL885) | DM51: =SUM(DM868:DM885) | DN51: =SUM(DN868:DN885) | DO51: =SUM(DO868:DO885) | ... FC51: =SUM(FC868:FC885) | FE51: =SUM(FE868:FE885) | FF51: =SUM(FF868:FF885) | FG51: =SUM(FG868:FG885) | FH51: =SUM(FH868:FH885) | FI51: =SUM(FI868:FI885) | FJ51: =SUM(FJ868:FJ885) | FK51: =SUM(FK868:FK885) | FL51: =SUM(FL868:FL885) | ... GZ51: =SUM(GZ868:GZ885)
A52: Uranus / Regulus | B52: 82.74 | C52: 5.62 | D52: 151.00181 | E52: 32.548485 | N52: =SUM(N893:N905) | O52: =SUM(O893:O905) | P52: =SUM(P893:P905) | Q52: =SUM(Q893:Q905) | R52: =SUM(R893:R905) | S52: =SUM(S893:S905) | T52: =SUM(T893:T905) | U52: =SUM(U893:U905) | ... BI52: =SUM(BI893:BI905) | BK52: =SUM(BK893:BK905) | BL52: =SUM(BL893:BL905) | BM52: =SUM(BM893:BM905) | BN52: =SUM(BN893:BN905) | BO52: =SUM(BO893:BO905) | BP52: =SUM(BP893:BP905) | BQ52: =SUM(BQ893:BQ905) | BR52: =SUM(BR893:BR905) | ... DF52: =SUM(DF893:DF905) | DH52: =SUM(DH893:DH905) | DI52: =SUM(DI893:DI905) | DJ52: =SUM(DJ893:DJ905) | DK52: =SUM(DK893:DK905) | DL52: =SUM(DL893:DL905) | DM52: =SUM(DM893:DM905) | DN52: =SUM(DN893:DN905) | DO52: =SUM(DO893:DO905) | ... FC52: =SUM(FC893:FC905) | FE52: =SUM(FE893:FE905) | FF52: =SUM(FF893:FF905) | FG52: =SUM(FG893:FG905) | FH52: =SUM(FH893:FH905) | FI52: =SUM(FI893:FI905) | FJ52: =SUM(FJ893:FJ905) | FK52: =SUM(FK893:FK905) | FL52: =SUM(FL893:FL905) | ... GZ52: =SUM(GZ893:GZ905)
A53: Saturn / Venus | B53: 80.04 | C53: 82.64 | D53: 141.34686 | E53: 14.428046 | N53: =SUM(N907:N928) | O53: =SUM(O907:O928) | P53: =SUM(P907:P928) | Q53: =SUM(Q907:Q928) | R53: =SUM(R907:R928) | S53: =SUM(S907:S928) | T53: =SUM(T907:T928) | U53: =SUM(U907:U928) | ... BI53: =SUM(BI907:BI928) | BK53: =SUM(BK907:BK928) | BL53: =SUM(BL907:BL928) | BM53: =SUM(BM907:BM928) | BN53: =SUM(BN907:BN928) | BO53: =SUM(BO907:BO928) | BP53: =SUM(BP907:BP928) | BQ53: =SUM(BQ907:BQ928) | BR53: =SUM(BR907:BR928) | ... DF53: =SUM(DF907:DF928) | DH53: =SUM(DH907:DH928) | DI53: =SUM(DI907:DI928) | DJ53: =SUM(DJ907:DJ928) | DK53: =SUM(DK907:DK928) | DL53: =SUM(DL907:DL928) | DM53: =SUM(DM907:DM928) | DN53: =SUM(DN907:DN928) | DO53: =SUM(DO907:DO928) | ... FC53: =SUM(FC907:FC928) | FE53: =SUM(FE907:FE928) | FF53: =SUM(FF907:FF928) | FG53: =SUM(FG907:FG928) | FH53: =SUM(FH907:FH928) | FI53: =SUM(FI907:FI928) | FJ53: =SUM(FJ907:FJ928) | FK53: =SUM(FK907:FK928) | FL53: =SUM(FL907:FL928) | ... GZ53: =SUM(GZ907:GZ928)
A54: Jupiter / Spica | C54: 82.4 | D54: 78.343391 | E54: 12.20951 | N54: =SUM(N930:N936) | O54: =SUM(O930:O936) | P54: =SUM(P930:P936) | Q54: =SUM(Q930:Q936) | R54: =SUM(R930:R936) | S54: =SUM(S930:S936) | T54: =SUM(T930:T936) | U54: =SUM(U930:U936) | ... BI54: =SUM(BI930:BI936) | BK54: =SUM(BK930:BK936) | BL54: =SUM(BL930:BL936) | BM54: =SUM(BM930:BM936) | BN54: =SUM(BN930:BN936) | BO54: =SUM(BO930:BO936) | BP54: =SUM(BP930:BP936) | BQ54: =SUM(BQ930:BQ936) | BR54: =SUM(BR930:BR936) | ... DF54: =SUM(DF930:DF936) | DH54: =SUM(DH930:DH936) | DI54: =SUM(DI930:DI936) | DJ54: =SUM(DJ930:DJ936) | DK54: =SUM(DK930:DK936) | DL54: =SUM(DL930:DL936) | DM54: =SUM(DM930:DM936) | DN54: =SUM(DN930:DN936) | DO54: =SUM(DO930:DO936) | ... FC54: =SUM(FC930:FC936) | FE54: =SUM(FE930:FE936) | FF54: =SUM(FF930:FF936) | FG54: =SUM(FG930:FG936) | FH54: =SUM(FH930:FH936) | FI54: =SUM(FI930:FI936) | FJ54: =SUM(FJ930:FJ936) | FK54: =SUM(FK930:FK936) | FL54: =SUM(FL930:FL936) | ... GZ54: =SUM(GZ930:GZ936)
A55: Moon / Spica | B55: 82.09 | D55: 177.54891 | E55: 18.540836 | N55: =SUM(N943:N946) | O55: =SUM(O943:O946) | P55: =SUM(P943:P946) | Q55: =SUM(Q943:Q946) | R55: =SUM(R943:R946) | S55: =SUM(S943:S946) | T55: =SUM(T943:T946) | U55: =SUM(U943:U946) | ... BI55: =SUM(BI943:BI946) | BK55: =SUM(BK943:BK946) | BL55: =SUM(BL943:BL946) | BM55: =SUM(BM943:BM946) | BN55: =SUM(BN943:BN946) | BO55: =SUM(BO943:BO946) | BP55: =SUM(BP943:BP946) | BQ55: =SUM(BQ943:BQ946) | BR55: =SUM(BR943:BR946) | ... DF55: =SUM(DF943:DF946) | DH55: =SUM(DH943:DH946) | DI55: =SUM(DI943:DI946) | DJ55: =SUM(DJ943:DJ946) | DK55: =SUM(DK943:DK946) | DL55: =SUM(DL943:DL946) | DM55: =SUM(DM943:DM946) | DN55: =SUM(DN943:DN946) | DO55: =SUM(DO943:DO946) | ... FC55: =SUM(FC943:FC946) | FE55: =SUM(FE943:FE946) | FF55: =SUM(FF943:FF946) | FG55: =SUM(FG943:FG946) | FH55: =SUM(FH943:FH946) | FI55: =SUM(FI943:FI946) | FJ55: =SUM(FJ943:FJ946) | FK55: =SUM(FK943:FK946) | FL55: =SUM(FL943:FL946) | ... GZ55: =SUM(GZ943:GZ946)
A56: Sun / Deneb Algedi | B56: 81.21 | D56: 141.49122 | E56: 13.841478 | N56: =SUM(N948:N960) | O56: =SUM(O948:O960) | P56: =SUM(P948:P960) | Q56: =SUM(Q948:Q960) | R56: =SUM(R948:R960) | S56: =SUM(S948:S960) | T56: =SUM(T948:T960) | U56: =SUM(U948:U960) | ... BI56: =SUM(BI948:BI960) | BK56: =SUM(BK948:BK960) | BL56: =SUM(BL948:BL960) | BM56: =SUM(BM948:BM960) | BN56: =SUM(BN948:BN960) | BO56: =SUM(BO948:BO960) | BP56: =SUM(BP948:BP960) | BQ56: =SUM(BQ948:BQ960) | BR56: =SUM(BR948:BR960) | ... DF56: =SUM(DF948:DF960) | DH56: =SUM(DH948:DH960) | DI56: =SUM(DI948:DI960) | DJ56: =SUM(DJ948:DJ960) | DK56: =SUM(DK948:DK960) | DL56: =SUM(DL948:DL960) | DM56: =SUM(DM948:DM960) | DN56: =SUM(DN948:DN960) | DO56: =SUM(DO948:DO960) | ... FC56: =SUM(FC948:FC960) | FE56: =SUM(FE948:FE960) | FF56: =SUM(FF948:FF960) | FG56: =SUM(FG948:FG960) | FH56: =SUM(FH948:FH960) | FI56: =SUM(FI948:FI960) | FJ56: =SUM(FJ948:FJ960) | FK56: =SUM(FK948:FK960) | FL56: =SUM(FL948:FL960) | ... GZ56: =SUM(GZ948:GZ960)
A57: Ketu / Aldebaran | B57: 8.27 | C57: 80.94 | D57: 61.583273 | E57: 13.317451 | N57: =SUM(N962:N971) | O57: =SUM(O962:O971) | P57: =SUM(P962:P971) | Q57: =SUM(Q962:Q971) | R57: =SUM(R962:R971) | S57: =SUM(S962:S971) | T57: =SUM(T962:T971) | U57: =SUM(U962:U971) | ... BI57: =SUM(BI962:BI971) | BK57: =SUM(BK962:BK971) | BL57: =SUM(BL962:BL971) | BM57: =SUM(BM962:BM971) | BN57: =SUM(BN962:BN971) | BO57: =SUM(BO962:BO971) | BP57: =SUM(BP962:BP971) | BQ57: =SUM(BQ962:BQ971) | BR57: =SUM(BR962:BR971) | ... DF57: =SUM(DF962:DF971) | DH57: =SUM(DH962:DH971) | DI57: =SUM(DI962:DI971) | DJ57: =SUM(DJ962:DJ971) | DK57: =SUM(DK962:DK971) | DL57: =SUM(DL962:DL971) | DM57: =SUM(DM962:DM971) | DN57: =SUM(DN962:DN971) | DO57: =SUM(DO962:DO971) | ... FC57: =SUM(FC962:FC971) | FE57: =SUM(FE962:FE971) | FF57: =SUM(FF962:FF971) | FG57: =SUM(FG962:FG971) | FH57: =SUM(FH962:FH971) | FI57: =SUM(FI962:FI971) | FJ57: =SUM(FJ962:FJ971) | FK57: =SUM(FK962:FK971) | FL57: =SUM(FL962:FL971) | ... GZ57: =SUM(GZ962:GZ971)
A58: Moon / Fomalhaut | C58: 80.92 | D58: 39.327088 | E58: 37.002009 | N58: =SUM(N973:N976) | O58: =SUM(O973:O976) | P58: =SUM(P973:P976) | Q58: =SUM(Q973:Q976) | R58: =SUM(R973:R976) | S58: =SUM(S973:S976) | T58: =SUM(T973:T976) | U58: =SUM(U973:U976) | ... BI58: =SUM(BI973:BI976) | BK58: =SUM(BK973:BK976) | BL58: =SUM(BL973:BL976) | BM58: =SUM(BM973:BM976) | BN58: =SUM(BN973:BN976) | BO58: =SUM(BO973:BO976) | BP58: =SUM(BP973:BP976) | BQ58: =SUM(BQ973:BQ976) | BR58: =SUM(BR973:BR976) | ... DF58: =SUM(DF973:DF976) | DH58: =SUM(DH973:DH976) | DI58: =SUM(DI973:DI976) | DJ58: =SUM(DJ973:DJ976) | DK58: =SUM(DK973:DK976) | DL58: =SUM(DL973:DL976) | DM58: =SUM(DM973:DM976) | DN58: =SUM(DN973:DN976) | DO58: =SUM(DO973:DO976) | ... FC58: =SUM(FC973:FC976) | FE58: =SUM(FE973:FE976) | FF58: =SUM(FF973:FF976) | FG58: =SUM(FG973:FG976) | FH58: =SUM(FH973:FH976) | FI58: =SUM(FI973:FI976) | FJ58: =SUM(FJ973:FJ976) | FK58: =SUM(FK973:FK976) | FL58: =SUM(FL973:FL976) | ... GZ58: =SUM(GZ973:GZ976)
A59: Chiron / Juno | B59: 80.8 | D59: 179.35202 | E59: 5.781724 | N59: =SUM(N985:N988) | O59: =SUM(O985:O988) | P59: =SUM(P985:P988) | Q59: =SUM(Q985:Q988) | R59: =SUM(R985:R988) | S59: =SUM(S985:S988) | T59: =SUM(T985:T988) | U59: =SUM(U985:U988) | ... BI59: =SUM(BI985:BI988) | BK59: =SUM(BK985:BK988) | BL59: =SUM(BL985:BL988) | BM59: =SUM(BM985:BM988) | BN59: =SUM(BN985:BN988) | BO59: =SUM(BO985:BO988) | BP59: =SUM(BP985:BP988) | BQ59: =SUM(BQ985:BQ988) | BR59: =SUM(BR985:BR988) | ... DF59: =SUM(DF985:DF988) | DH59: =SUM(DH985:DH988) | DI59: =SUM(DI985:DI988) | DJ59: =SUM(DJ985:DJ988) | DK59: =SUM(DK985:DK988) | DL59: =SUM(DL985:DL988) | DM59: =SUM(DM985:DM988) | DN59: =SUM(DN985:DN988) | DO59: =SUM(DO985:DO988) | ... FC59: =SUM(FC985:FC988) | FE59: =SUM(FE985:FE988) | FF59: =SUM(FF985:FF988) | FG59: =SUM(FG985:FG988) | FH59: =SUM(FH985:FH988) | FI59: =SUM(FI985:FI988) | FJ59: =SUM(FJ985:FJ988) | FK59: =SUM(FK985:FK988) | FL59: =SUM(FL985:FL988) | ... GZ59: =SUM(GZ985:GZ988)
A60: Chiron / Mars | B60: 53.72 | C60: 80.46 | D60: 61.994659 | E60: 26.551376 | N60: =SUM(N990:N1019) | O60: =SUM(O990:O1019) | P60: =SUM(P990:P1019) | Q60: =SUM(Q990:Q1019) | R60: =SUM(R990:R1019) | S60: =SUM(S990:S1019) | T60: =SUM(T990:T1019) | U60: =SUM(U990:U1019) | ... BI60: =SUM(BI990:BI1019) | BK60: =SUM(BK990:BK1019) | BL60: =SUM(BL990:BL1019) | BM60: =SUM(BM990:BM1019) | BN60: =SUM(BN990:BN1019) | BO60: =SUM(BO990:BO1019) | BP60: =SUM(BP990:BP1019) | BQ60: =SUM(BQ990:BQ1019) | BR60: =SUM(BR990:BR1019) | ... DF60: =SUM(DF990:DF1019) | DH60: =SUM(DH990:DH1019) | DI60: =SUM(DI990:DI1019) | DJ60: =SUM(DJ990:DJ1019) | DK60: =SUM(DK990:DK1019) | DL60: =SUM(DL990:DL1019) | DM60: =SUM(DM990:DM1019) | DN60: =SUM(DN990:DN1019) | DO60: =SUM(DO990:DO1019) | ... FC60: =SUM(FC990:FC1019) | FE60: =SUM(FE990:FE1019) | FF60: =SUM(FF990:FF1019) | FG60: =SUM(FG990:FG1019) | FH60: =SUM(FH990:FH1019) | FI60: =SUM(FI990:FI1019) | FJ60: =SUM(FJ990:FJ1019) | FK60: =SUM(FK990:FK1019) | FL60: =SUM(FL990:FL1019) | ... GZ60: =SUM(GZ990:GZ1019)
A61: Sedna / Altair | C61: 80.16 | D61: 107.89809 | E61: 4.002094 | N61: =SUM(N1021:N1038) | O61: =SUM(O1021:O1038) | P61: =SUM(P1021:P1038) | Q61: =SUM(Q1021:Q1038) | R61: =SUM(R1021:R1038) | S61: =SUM(S1021:S1038) | T61: =SUM(T1021:T1038) | U61: =SUM(U1021:U1038) | ... BI61: =SUM(BI1021:BI1038) | BK61: =SUM(BK1021:BK1038) | BL61: =SUM(BL1021:BL1038) | BM61: =SUM(BM1021:BM1038) | BN61: =SUM(BN1021:BN1038) | BO61: =SUM(BO1021:BO1038) | BP61: =SUM(BP1021:BP1038) | BQ61: =SUM(BQ1021:BQ1038) | BR61: =SUM(BR1021:BR1038) | ... DF61: =SUM(DF1021:DF1038) | DH61: =SUM(DH1021:DH1038) | DI61: =SUM(DI1021:DI1038) | DJ61: =SUM(DJ1021:DJ1038) | DK61: =SUM(DK1021:DK1038) | DL61: =SUM(DL1021:DL1038) | DM61: =SUM(DM1021:DM1038) | DN61: =SUM(DN1021:DN1038) | DO61: =SUM(DO1021:DO1038) | ... FC61: =SUM(FC1021:FC1038) | FE61: =SUM(FE1021:FE1038) | FF61: =SUM(FF1021:FF1038) | FG61: =SUM(FG1021:FG1038) | FH61: =SUM(FH1021:FH1038) | FI61: =SUM(FI1021:FI1038) | FJ61: =SUM(FJ1021:FJ1038) | FK61: =SUM(FK1021:FK1038) | FL61: =SUM(FL1021:FL1038) | ... GZ61: =SUM(GZ1021:GZ1038)
A62: Sun / Sirius | B62: 4.52 | C62: 80.1 | D62: 83.984254 | E62: 14.425652 | N62: =SUM(N1040:N1053) | O62: =SUM(O1040:O1053) | P62: =SUM(P1040:P1053) | Q62: =SUM(Q1040:Q1053) | R62: =SUM(R1040:R1053) | S62: =SUM(S1040:S1053) | T62: =SUM(T1040:T1053) | U62: =SUM(U1040:U1053) | ... BI62: =SUM(BI1040:BI1053) | BK62: =SUM(BK1040:BK1053) | BL62: =SUM(BL1040:BL1053) | BM62: =SUM(BM1040:BM1053) | BN62: =SUM(BN1040:BN1053) | BO62: =SUM(BO1040:BO1053) | BP62: =SUM(BP1040:BP1053) | BQ62: =SUM(BQ1040:BQ1053) | BR62: =SUM(BR1040:BR1053) | ... DF62: =SUM(DF1040:DF1053) | DH62: =SUM(DH1040:DH1053) | DI62: =SUM(DI1040:DI1053) | DJ62: =SUM(DJ1040:DJ1053) | DK62: =SUM(DK1040:DK1053) | DL62: =SUM(DL1040:DL1053) | DM62: =SUM(DM1040:DM1053) | DN62: =SUM(DN1040:DN1053) | DO62: =SUM(DO1040:DO1053) | ... FC62: =SUM(FC1040:FC1053) | FE62: =SUM(FE1040:FE1053) | FF62: =SUM(FF1040:FF1053) | FG62: =SUM(FG1040:FG1053) | FH62: =SUM(FH1040:FH1053) | FI62: =SUM(FI1040:FI1053) | FJ62: =SUM(FJ1040:FJ1053) | FK62: =SUM(FK1040:FK1053) | FL62: =SUM(FL1040:FL1053) | ... GZ62: =SUM(GZ1040:GZ1053)
A64: QUALIFYING FAST-MOVING PAIRS
A65: Pair | B65: RA Score | C65: Dec Score | D65: RA Dist | E65: Dec Dist
A66: Orcus / Midheaven | C66: 99.85 | D66: 74.622055 | E66: 12.944247 | N66: =SUM(N97:N112) | O66: =SUM(O97:O112) | P66: =SUM(P97:P112) | Q66: =SUM(Q97:Q112) | R66: =SUM(R97:R112) | S66: =SUM(S97:S112) | T66: =SUM(T97:T112) | U66: =SUM(U97:U112) | ... BI66: =SUM(BI97:BI112) | BK66: =SUM(BK97:BK112) | BL66: =SUM(BL97:BL112) | BM66: =SUM(BM97:BM112) | BN66: =SUM(BN97:BN112) | BO66: =SUM(BO97:BO112) | BP66: =SUM(BP97:BP112) | BQ66: =SUM(BQ97:BQ112) | BR66: =SUM(BR97:BR112) | ... DF66: =SUM(DF97:DF112) | DH66: =SUM(DH97:DH112) | DI66: =SUM(DI97:DI112) | DJ66: =SUM(DJ97:DJ112) | DK66: =SUM(DK97:DK112) | DL66: =SUM(DL97:DL112) | DM66: =SUM(DM97:DM112) | DN66: =SUM(DN97:DN112) | DO66: =SUM(DO97:DO112) | ... FC66: =SUM(FC97:FC112) | FE66: =SUM(FE97:FE112) | FF66: =SUM(FF97:FF112) | FG66: =SUM(FG97:FG112) | FH66: =SUM(FH97:FH112) | FI66: =SUM(FI97:FI112) | FJ66: =SUM(FJ97:FJ112) | FK66: =SUM(FK97:FK112) | FL66: =SUM(FL97:FL112) | ... GZ66: =SUM(GZ97:GZ112)
A67: Moon / Ascendant | B67: 98.08 | D67: 115.88272 | E67: 30.805402 | N67: =SUM(N207:N216) | O67: =SUM(O207:O216) | P67: =SUM(P207:P216) | Q67: =SUM(Q207:Q216) | R67: =SUM(R207:R216) | S67: =SUM(S207:S216) | T67: =SUM(T207:T216) | U67: =SUM(U207:U216) | ... BI67: =SUM(BI207:BI216) | BK67: =SUM(BK207:BK216) | BL67: =SUM(BL207:BL216) | BM67: =SUM(BM207:BM216) | BN67: =SUM(BN207:BN216) | BO67: =SUM(BO207:BO216) | BP67: =SUM(BP207:BP216) | BQ67: =SUM(BQ207:BQ216) | BR67: =SUM(BR207:BR216) | ... DF67: =SUM(DF207:DF216) | DH67: =SUM(DH207:DH216) | DI67: =SUM(DI207:DI216) | DJ67: =SUM(DJ207:DJ216) | DK67: =SUM(DK207:DK216) | DL67: =SUM(DL207:DL216) | DM67: =SUM(DM207:DM216) | DN67: =SUM(DN207:DN216) | DO67: =SUM(DO207:DO216) | ... FC67: =SUM(FC207:FC216) | FE67: =SUM(FE207:FE216) | FF67: =SUM(FF207:FF216) | FG67: =SUM(FG207:FG216) | FH67: =SUM(FH207:FH216) | FI67: =SUM(FI207:FI216) | FJ67: =SUM(FJ207:FJ216) | FK67: =SUM(FK207:FK216) | FL67: =SUM(FL207:FL216) | ... GZ67: =SUM(GZ207:GZ216)
A68: Neptune / Ascendant | B68: 97.78 | D68: 29.032821 | E68: 2.751872 | N68: 0 | O68: 0 | P68: 0 | Q68: 0 | R68: 0 | S68: 0 | T68: 0 | U68: 0 | V68: 0 | W68: 0 | X68: 0 | Y68: 0 | Z68: 0 | AA68: 0 | AB68: 0 | AC68: 0 | AD68: 0 | AE68: 0 | AF68: 0 | AG68: 0 | AH68: 0 | AI68: 0 | AJ68: 0 | AK68: 0 | AL68: 0 | AM68: 0 | AN68: 0 | AO68: 0 | AP68: 0 | AQ68: 0 | AR68: 0 | AS68: 0 | AT68: 0 | AU68: 0 | AV68: 0 | AW68: 0 | AX68: 0 | AY68: 0 | AZ68: 0 | BA68: 0 | BB68: 0 | BC68: 0 | BD68: 0 | BE68: 0 | BF68: 0 | BG68: 0 | BH68: 0 | BI68: 0 | BK68: 0 | BL68: 0 | BM68: 0 | BN68: 0 | BO68: 0 | BP68: 0 | BQ68: 0 | BR68: 0 | BS68: 0 | BT68: 0 | BU68: 0 | BV68: 0 | BW68: 0 | BX68: 0 | BY68: 0 | BZ68: 0 | CA68: 0 | CB68: 0 | CC68: 0 | CD68: 0 | CE68: 0 | CF68: 0 | CG68: 0 | CH68: 0 | CI68: 0 | CJ68: 0 | CK68: 0 | CL68: 0 | CM68: 0 | CN68: 0 | CO68: 0 | CP68: 0 | CQ68: 0 | CR68: 0 | CS68: 0 | CT68: 0 | CU68: 0 | CV68: 0 | CW68: 0 | CX68: 0 | CY68: 0 | CZ68: 0 | DA68: 0 | DB68: 0 | DC68: 0 | DD68: 0 | DE68: 0 | DF68: 0 | DH68: 0 | DI68: 0 | DJ68: 0 | DK68: 0 | DL68: 0 | DM68: 0 | DN68: 0 | DO68: 0 | DP68: 0 | DQ68: 0 | DR68: 0 | DS68: 0 | DT68: 0 | DU68: 0 | DV68: 0 | DW68: 0 | DX68: 0 | DY68: 0 | DZ68: 0 | EA68: 0 | EB68: 0 | EC68: 0 | ED68: 0 | EE68: 0 | EF68: 0 | EG68: 0 | EH68: 0 | EI68: 0 | EJ68: 0 | EK68: 0 | EL68: 0 | EM68: 0 | EN68: 0 | EO68: 0 | EP68: 0 | EQ68: 0 | ER68: 0 | ES68: 0 | ET68: 0 | EU68: 0 | EV68: 0 | EW68: 0 | EX68: 0 | EY68: 0 | EZ68: 0 | FA68: 0 | FB68: 0 | FC68: 0 | FE68: 0 | FF68: 0 | FG68: 0 | FH68: 0 | FI68: 0 | FJ68: 0 | FK68: 0 | FL68: 0 | FM68: 0 | FN68: 0 | FO68: 0 | FP68: 0 | FQ68: 0 | FR68: 0 | FS68: 0 | FT68: 0 | FU68: 0 | FV68: 0 | FW68: 0 | FX68: 0 | FY68: 0 | FZ68: 0 | GA68: 0 | GB68: 0 | GC68: 0 | GD68: 0 | GE68: 0 | GF68: 0 | GG68: 0 | GH68: 0 | GI68: 0 | GJ68: 0 | GK68: 0 | GL68: 0 | GM68: 0 | GN68: 0 | GO68: 0 | GP68: 0 | GQ68: 0 | GR68: 0 | GS68: 0 | GT68: 0 | GU68: 0 | GV68: 0 | GW68: 0 | GX68: 0 | GY68: 0 | GZ68: 0
A69: Alphecca / Vertex | C69: 95.83 | D69: 98.750247 | E69: 9.657871 | N69: =SUM(N293:N296) | O69: =SUM(O293:O296) | P69: =SUM(P293:P296) | Q69: =SUM(Q293:Q296) | R69: =SUM(R293:R296) | S69: =SUM(S293:S296) | T69: =SUM(T293:T296) | U69: =SUM(U293:U296) | ... BI69: =SUM(BI293:BI296) | BK69: =SUM(BK293:BK296) | BL69: =SUM(BL293:BL296) | BM69: =SUM(BM293:BM296) | BN69: =SUM(BN293:BN296) | BO69: =SUM(BO293:BO296) | BP69: =SUM(BP293:BP296) | BQ69: =SUM(BQ293:BQ296) | BR69: =SUM(BR293:BR296) | ... DF69: =SUM(DF293:DF296) | DH69: =SUM(DH293:DH296) | DI69: =SUM(DI293:DI296) | DJ69: =SUM(DJ293:DJ296) | DK69: =SUM(DK293:DK296) | DL69: =SUM(DL293:DL296) | DM69: =SUM(DM293:DM296) | DN69: =SUM(DN293:DN296) | DO69: =SUM(DO293:DO296) | ... FC69: =SUM(FC293:FC296) | FE69: =SUM(FE293:FE296) | FF69: =SUM(FF293:FF296) | FG69: =SUM(FG293:FG296) | FH69: =SUM(FH293:FH296) | FI69: =SUM(FI293:FI296) | FJ69: =SUM(FJ293:FJ296) | FK69: =SUM(FK293:FK296) | FL69: =SUM(FL293:FL296) | ... GZ69: =SUM(GZ293:GZ296)
A70: Pallas / Vertex | C70: 95.04 | D70: 98.375362 | E70: 7.778412 | N70: =SUM(N323:N329) | O70: =SUM(O323:O329) | P70: =SUM(P323:P329) | Q70: =SUM(Q323:Q329) | R70: =SUM(R323:R329) | S70: =SUM(S323:S329) | T70: =SUM(T323:T329) | U70: =SUM(U323:U329) | ... BI70: =SUM(BI323:BI329) | BK70: =SUM(BK323:BK329) | BL70: =SUM(BL323:BL329) | BM70: =SUM(BM323:BM329) | BN70: =SUM(BN323:BN329) | BO70: =SUM(BO323:BO329) | BP70: =SUM(BP323:BP329) | BQ70: =SUM(BQ323:BQ329) | BR70: =SUM(BR323:BR329) | ... DF70: =SUM(DF323:DF329) | DH70: =SUM(DH323:DH329) | DI70: =SUM(DI323:DI329) | DJ70: =SUM(DJ323:DJ329) | DK70: =SUM(DK323:DK329) | DL70: =SUM(DL323:DL329) | DM70: =SUM(DM323:DM329) | DN70: =SUM(DN323:DN329) | DO70: =SUM(DO323:DO329) | ... FC70: =SUM(FC323:FC329) | FE70: =SUM(FE323:FE329) | FF70: =SUM(FF323:FF329) | FG70: =SUM(FG323:FG329) | FH70: =SUM(FH323:FH329) | FI70: =SUM(FI323:FI329) | FJ70: =SUM(FJ323:FJ329) | FK70: =SUM(FK323:FK329) | FL70: =SUM(FL323:FL329) | ... GZ70: =SUM(GZ323:GZ329)
A71: Alkaid / Midheaven | C71: 94.48 | D71: 3.858693 | E71: 61.812043 | N71: =SUM(N367:N370) | O71: =SUM(O367:O370) | P71: =SUM(P367:P370) | Q71: =SUM(Q367:Q370) | R71: =SUM(R367:R370) | S71: =SUM(S367:S370) | T71: =SUM(T367:T370) | U71: =SUM(U367:U370) | ... BI71: =SUM(BI367:BI370) | BK71: =SUM(BK367:BK370) | BL71: =SUM(BL367:BL370) | BM71: =SUM(BM367:BM370) | BN71: =SUM(BN367:BN370) | BO71: =SUM(BO367:BO370) | BP71: =SUM(BP367:BP370) | BQ71: =SUM(BQ367:BQ370) | BR71: =SUM(BR367:BR370) | ... DF71: =SUM(DF367:DF370) | DH71: =SUM(DH367:DH370) | DI71: =SUM(DI367:DI370) | DJ71: =SUM(DJ367:DJ370) | DK71: =SUM(DK367:DK370) | DL71: =SUM(DL367:DL370) | DM71: =SUM(DM367:DM370) | DN71: =SUM(DN367:DN370) | DO71: =SUM(DO367:DO370) | ... FC71: =SUM(FC367:FC370) | FE71: =SUM(FE367:FE370) | FF71: =SUM(FF367:FF370) | FG71: =SUM(FG367:FG370) | FH71: =SUM(FH367:FH370) | FI71: =SUM(FI367:FI370) | FJ71: =SUM(FJ367:FJ370) | FK71: =SUM(FK367:FK370) | FL71: =SUM(FL367:FL370) | ... GZ71: =SUM(GZ367:GZ370)
A72: Sirius / Ascendant | B72: 92.01 | D72: 166.57351 | E72: 6.712426 | N72: =SUM(N511:N517) | O72: =SUM(O511:O517) | P72: =SUM(P511:P517) | Q72: =SUM(Q511:Q517) | R72: =SUM(R511:R517) | S72: =SUM(S511:S517) | T72: =SUM(T511:T517) | U72: =SUM(U511:U517) | ... BI72: =SUM(BI511:BI517) | BK72: =SUM(BK511:BK517) | BL72: =SUM(BL511:BL517) | BM72: =SUM(BM511:BM517) | BN72: =SUM(BN511:BN517) | BO72: =SUM(BO511:BO517) | BP72: =SUM(BP511:BP517) | BQ72: =SUM(BQ511:BQ517) | BR72: =SUM(BR511:BR517) | ... DF72: =SUM(DF511:DF517) | DH72: =SUM(DH511:DH517) | DI72: =SUM(DI511:DI517) | DJ72: =SUM(DJ511:DJ517) | DK72: =SUM(DK511:DK517) | DL72: =SUM(DL511:DL517) | DM72: =SUM(DM511:DM517) | DN72: =SUM(DN511:DN517) | DO72: =SUM(DO511:DO517) | ... FC72: =SUM(FC511:FC517) | FE72: =SUM(FE511:FE517) | FF72: =SUM(FF511:FF517) | FG72: =SUM(FG511:FG517) | FH72: =SUM(FH511:FH517) | FI72: =SUM(FI511:FI517) | FJ72: =SUM(FJ511:FJ517) | FK72: =SUM(FK511:FK517) | FL72: =SUM(FL511:FL517) | ... GZ72: =SUM(GZ511:GZ517)
A73: Betelgeuse / Vertex | C73: 91.77 | D73: 46.123769 | E73: 9.654825 | N73: =SUM(N519:N522) | O73: =SUM(O519:O522) | P73: =SUM(P519:P522) | Q73: =SUM(Q519:Q522) | R73: =SUM(R519:R522) | S73: =SUM(S519:S522) | T73: =SUM(T519:T522) | U73: =SUM(U519:U522) | ... BI73: =SUM(BI519:BI522) | BK73: =SUM(BK519:BK522) | BL73: =SUM(BL519:BL522) | BM73: =SUM(BM519:BM522) | BN73: =SUM(BN519:BN522) | BO73: =SUM(BO519:BO522) | BP73: =SUM(BP519:BP522) | BQ73: =SUM(BQ519:BQ522) | BR73: =SUM(BR519:BR522) | ... DF73: =SUM(DF519:DF522) | DH73: =SUM(DH519:DH522) | DI73: =SUM(DI519:DI522) | DJ73: =SUM(DJ519:DJ522) | DK73: =SUM(DK519:DK522) | DL73: =SUM(DL519:DL522) | DM73: =SUM(DM519:DM522) | DN73: =SUM(DN519:DN522) | DO73: =SUM(DO519:DO522) | ... FC73: =SUM(FC519:FC522) | FE73: =SUM(FE519:FE522) | FF73: =SUM(FF519:FF522) | FG73: =SUM(FG519:FG522) | FH73: =SUM(FH519:FH522) | FI73: =SUM(FI519:FI522) | FJ73: =SUM(FJ519:FJ522) | FK73: =SUM(FK519:FK522) | FL73: =SUM(FL519:FL522) | ... GZ73: =SUM(GZ519:GZ522)
A74: Mars / Part_of_Fortune | C74: 90.25 | D74: 28.054703 | E74: 3.999001 | N74: =SUM(N588:N592) | O74: =SUM(O588:O592) | P74: =SUM(P588:P592) | Q74: =SUM(Q588:Q592) | R74: =SUM(R588:R592) | S74: =SUM(S588:S592) | T74: =SUM(T588:T592) | U74: =SUM(U588:U592) | ... BI74: =SUM(BI588:BI592) | BK74: =SUM(BK588:BK592) | BL74: =SUM(BL588:BL592) | BM74: =SUM(BM588:BM592) | BN74: =SUM(BN588:BN592) | BO74: =SUM(BO588:BO592) | BP74: =SUM(BP588:BP592) | BQ74: =SUM(BQ588:BQ592) | BR74: =SUM(BR588:BR592) | ... DF74: =SUM(DF588:DF592) | DH74: =SUM(DH588:DH592) | DI74: =SUM(DI588:DI592) | DJ74: =SUM(DJ588:DJ592) | DK74: =SUM(DK588:DK592) | DL74: =SUM(DL588:DL592) | DM74: =SUM(DM588:DM592) | DN74: =SUM(DN588:DN592) | DO74: =SUM(DO588:DO592) | ... FC74: =SUM(FC588:FC592) | FE74: =SUM(FE588:FE592) | FF74: =SUM(FF588:FF592) | FG74: =SUM(FG588:FG592) | FH74: =SUM(FH588:FH592) | FI74: =SUM(FI588:FI592) | FJ74: =SUM(FJ588:FJ592) | FK74: =SUM(FK588:FK592) | FL74: =SUM(FL588:FL592) | ... GZ74: =SUM(GZ588:GZ592)
A75: Moon / Vertex | B75: 89.87 | C75: 24.17 | D75: 111.17304 | E75: 9.681396 | N75: =SUM(N618:N661) | O75: =SUM(O618:O661) | P75: =SUM(P618:P661) | Q75: =SUM(Q618:Q661) | R75: =SUM(R618:R661) | S75: =SUM(S618:S661) | T75: =SUM(T618:T661) | U75: =SUM(U618:U661) | ... BI75: =SUM(BI618:BI661) | BK75: =SUM(BK618:BK661) | BL75: =SUM(BL618:BL661) | BM75: =SUM(BM618:BM661) | BN75: =SUM(BN618:BN661) | BO75: =SUM(BO618:BO661) | BP75: =SUM(BP618:BP661) | BQ75: =SUM(BQ618:BQ661) | BR75: =SUM(BR618:BR661) | ... DF75: =SUM(DF618:DF661) | DH75: =SUM(DH618:DH661) | DI75: =SUM(DI618:DI661) | DJ75: =SUM(DJ618:DJ661) | DK75: =SUM(DK618:DK661) | DL75: =SUM(DL618:DL661) | DM75: =SUM(DM618:DM661) | DN75: =SUM(DN618:DN661) | DO75: =SUM(DO618:DO661) | ... FC75: =SUM(FC618:FC661) | FE75: =SUM(FE618:FE661) | FF75: =SUM(FF618:FF661) | FG75: =SUM(FG618:FG661) | FH75: =SUM(FH618:FH661) | FI75: =SUM(FI618:FI661) | FJ75: =SUM(FJ618:FJ661) | FK75: =SUM(FK618:FK661) | FL75: =SUM(FL618:FL661) | ... GZ75: =SUM(GZ618:GZ661)
A76: Sedna / Vertex | B76: 88.14 | C76: 62.07 | D76: 89.322948 | E76: 12.194828 | N76: =SUM(N696:N707) | O76: =SUM(O696:O707) | P76: =SUM(P696:P707) | Q76: =SUM(Q696:Q707) | R76: =SUM(R696:R707) | S76: =SUM(S696:S707) | T76: =SUM(T696:T707) | U76: =SUM(U696:U707) | ... BI76: =SUM(BI696:BI707) | BK76: =SUM(BK696:BK707) | BL76: =SUM(BL696:BL707) | BM76: =SUM(BM696:BM707) | BN76: =SUM(BN696:BN707) | BO76: =SUM(BO696:BO707) | BP76: =SUM(BP696:BP707) | BQ76: =SUM(BQ696:BQ707) | BR76: =SUM(BR696:BR707) | ... DF76: =SUM(DF696:DF707) | DH76: =SUM(DH696:DH707) | DI76: =SUM(DI696:DI707) | DJ76: =SUM(DJ696:DJ707) | DK76: =SUM(DK696:DK707) | DL76: =SUM(DL696:DL707) | DM76: =SUM(DM696:DM707) | DN76: =SUM(DN696:DN707) | DO76: =SUM(DO696:DO707) | ... FC76: =SUM(FC696:FC707) | FE76: =SUM(FE696:FE707) | FF76: =SUM(FF696:FF707) | FG76: =SUM(FG696:FG707) | FH76: =SUM(FH696:FH707) | FI76: =SUM(FI696:FI707) | FJ76: =SUM(FJ696:FJ707) | FK76: =SUM(FK696:FK707) | FL76: =SUM(FL696:FL707) | ... GZ76: =SUM(GZ696:GZ707)
A77: Vega / Vertex | B77: 86.5 | C77: 81.08 | D77: 144.31695 | E77: 21.723116 | N77: =SUM(N757:N763) | O77: =SUM(O757:O763) | P77: =SUM(P757:P763) | Q77: =SUM(Q757:Q763) | R77: =SUM(R757:R763) | S77: =SUM(S757:S763) | T77: =SUM(T757:T763) | U77: =SUM(U757:U763) | ... BI77: =SUM(BI757:BI763) | BK77: =SUM(BK757:BK763) | BL77: =SUM(BL757:BL763) | BM77: =SUM(BM757:BM763) | BN77: =SUM(BN757:BN763) | BO77: =SUM(BO757:BO763) | BP77: =SUM(BP757:BP763) | BQ77: =SUM(BQ757:BQ763) | BR77: =SUM(BR757:BR763) | ... DF77: =SUM(DF757:DF763) | DH77: =SUM(DH757:DH763) | DI77: =SUM(DI757:DI763) | DJ77: =SUM(DJ757:DJ763) | DK77: =SUM(DK757:DK763) | DL77: =SUM(DL757:DL763) | DM77: =SUM(DM757:DM763) | DN77: =SUM(DN757:DN763) | DO77: =SUM(DO757:DO763) | ... FC77: =SUM(FC757:FC763) | FE77: =SUM(FE757:FE763) | FF77: =SUM(FF757:FF763) | FG77: =SUM(FG757:FG763) | FH77: =SUM(FH757:FH763) | FI77: =SUM(FI757:FI763) | FJ77: =SUM(FJ757:FJ763) | FK77: =SUM(FK757:FK763) | FL77: =SUM(FL757:FL763) | ... GZ77: =SUM(GZ757:GZ763)
A78: Mars / Ascendant | B78: 83.2 | D78: 133.47333 | E78: 41.860733 | N78: =SUM(N887:N891) | O78: =SUM(O887:O891) | P78: =SUM(P887:P891) | Q78: =SUM(Q887:Q891) | R78: =SUM(R887:R891) | S78: =SUM(S887:S891) | T78: =SUM(T887:T891) | U78: =SUM(U887:U891) | ... BI78: =SUM(BI887:BI891) | BK78: =SUM(BK887:BK891) | BL78: =SUM(BL887:BL891) | BM78: =SUM(BM887:BM891) | BN78: =SUM(BN887:BN891) | BO78: =SUM(BO887:BO891) | BP78: =SUM(BP887:BP891) | BQ78: =SUM(BQ887:BQ891) | BR78: =SUM(BR887:BR891) | ... DF78: =SUM(DF887:DF891) | DH78: =SUM(DH887:DH891) | DI78: =SUM(DI887:DI891) | DJ78: =SUM(DJ887:DJ891) | DK78: =SUM(DK887:DK891) | DL78: =SUM(DL887:DL891) | DM78: =SUM(DM887:DM891) | DN78: =SUM(DN887:DN891) | DO78: =SUM(DO887:DO891) | ... FC78: =SUM(FC887:FC891) | FE78: =SUM(FE887:FE891) | FF78: =SUM(FF887:FF891) | FG78: =SUM(FG887:FG891) | FH78: =SUM(FH887:FH891) | FI78: =SUM(FI887:FI891) | FJ78: =SUM(FJ887:FJ891) | FK78: =SUM(FK887:FK891) | FL78: =SUM(FL887:FL891) | ... GZ78: =SUM(GZ887:GZ891)
